date,title,link,content,sentiment,evaluation,result,hannanum_tokens
2024-10-04 11:23:26,삼성전자 “전 제품에 AI 적용해 개인화 구현”,https://n.news.naver.com/mnews/article/030/0003244684?sid=105,"한종희 삼성전자 대표이사 부회장이 3일(현지시간) 미국 새너제이 맥에너리 컨벤션 센터(San Jose McEnery Convention Center)에서 개최된 '삼성 개발자 콘퍼런스2024(Samsung Developer Conference 2024)'에서 기조 연설을 하고 있다.삼성전자가 모바일, TV, 가전 등 각 제품의 특성에 맞는 인공지능(AI) 기술을 모든 제품군에 적용하고, 이 제품들을 연결해 더 개인화된 AI 경험을 구현한다.TV·스마트 모니터·비스포크 AI 패밀리허브 냉장고 등에 내장된 스마트싱스 허브를 스크린이 탑재된 가전으로 확대하고, 타사 기기로까지 연결된다.삼성전자는 3일(현지시간) 미국 새너제이 맥에너리 컨벤션 센터에서 '삼성 개발자 콘퍼런스(SDC) 2024'를 개최하고, 이같은 계획을 발표했다.3일(현지시간) 미국 새너제이 맥에너리 컨벤션 센터(San Jose McEnery Convention Center)에서 개최된 '삼성 개발자 콘퍼런스2024(Samsung Developer Conference 2024)'에서 행사에 참여한 관람객들이 'AI for Platform' 전시 부스에서 '스마트싱스'와 '삼성헬스'의 연동 서비스를 체험하고 있다.한종희 대표이사 부회장은 기조연설을 통해 “삼성전자는 향후 '누가 말하는지', '어느 공간에 있는지'까지 인지해 고도화된 개인화 경험이 가능하도록 준비할 것”이라며 “이같은 서비스는 삼성전자의 AI 기반 SW·플랫폼 혁신과 보안 기술로 더 편리하고 안전하게 구현될 것”이라고 말했다.삼성전자는 갤럭시 AI를 통해 고객들의 개인화 경험을 고도화하고 에코시스템 전반으로 AI를 확대할 예정이다.이날 삼성전자는 AI 경험 확대를 위해 향후 구글 등 여러 업체와 개방적 협업을 더욱 강화할 것이라고 밝혔다. 또한, 연내 공개될 One UI 7은 갤럭시 AI 기능 확대와 더욱 정제되고, 인상적이며, 감성적인 UX로 완전히 새로워진 사용자 경험을 제공할 것이라고 소개했다.AI TV 시대를 연 삼성전자는 TV의 역할에 대해서도 재정의했다. TV가 시청 위주의 경험을 넘어 사용자의 일상에 필요한 정보를 제공하고 있으며, 집안의 다른 기기와 연동해 맞춤형 서비스도 지원하고 있다고 설명했다.예를 들어 '데일리 보드(Daily Board)' 기능은 사용자가 TV를 시청하지 않을 때도 스크린이 집안의 연결 기기 상태를 알려주고 에너지 사용량, 날씨, 메모 위젯 등 일상에 필요한 다양한 정보를 제공한다고 설명했다. 또한 '넥스트 도어(NextDoor)'와 같이 지역 네트워크 서비스가 접목되면 사용자는 자신의 관심사를 기반으로 하는 지역 정보까지 간편하게 제공받을 수 있을 것이라고 언급했다.모바일에서 AI로 생성한 결과를 TV로 직접 전송할 수 있는 '삼성 AI 캐스트(Samsung AI Cast)' 기능도 소개됐다. 사용자는 이 기능을 통해 AI로 만든 이미지를 대형 스크린에서 감상하거나, 보고 싶은 콘텐츠 목록을 홈 화면에서 바로 확인할 수 있다.삼성전자는 B2B 영역에서 AI 기술의 중요성도 강조했다.3일(현지시간) 미국 새너제이 맥에너리 컨벤션 센터(San Jose McEnery Convention Center)에서 개최된 '삼성 개발자 콘퍼런스2024(Samsung Developer Conference 2024)'에서 행사에 참여한 관람객들이 'AI for Device' 전시 부스에서 '삼성 AI 캐스트' 기능을 확인하고 있다.이날 삼성전자는 스마트싱스가 10년 동안 3억 5000만명 이상의 가입자와 340개 이상의 WWST 인증 파트너업체를 보유하는 등, 가장 큰 규모의 연결 플랫폼 중 하나로 성장하고 글로벌 대표 플랫폼이 됐다고 밝혔다.삼성전자는 본격적으로 스마트싱스에 AI 기술을 접목하고 개방적 파트너십을 확대함으로써 스마트싱스가 삼성전자의 제품과 서비스를 차별화시키는 게임 체인저 역할을 하게 될 것이라고 예상했다.10월 중 적용 예정인 '홈 인사이트(Home Insight)' 서비스도 소개했다. 스마트싱스를 기반으로 사용자의 생활 패턴, 기기 사용 이력, 기기와 집안의 상태 등을 분석해 실시간 리포트를 제공하고, 동시에 꼭 필요한 기능도 적시에 제공하는 서비스다.삼성전자는 내년부터 모바일 뿐만 아니라 TV, 가전 등 삼성전자 주요 제품군의 소프트웨어 경험 명칭을 'One UI'로 통합한다. 제품별 소프트웨어 업그레이드를 최대 7년까지 보장해 최신 기능을 사용할 수 있도록 하고, 제품 경험 전반에 일관성을 강화한다.",0.0,0,부정,"['삼성전자', '“전', '제품', '에', 'AI', '적용해', '개인화', '구현”']"
2024-10-04 11:18:13,삼성전자 '수난시대'…겹악재에 '5만전자' 비명,https://n.news.naver.com/mnews/article/374/0000404402?sid=104,"[앵커]이번 주 삼성전자의 주가가, 장중이긴 했지만, 5만 원대로 떨어졌습니다.불과 몇 달 전만 해도 9만 원을 내다보던 주가가 왜 이렇게까지 수직낙하하고 있는 걸까요?최근 주요 투자은행들이 삼성전자의 주력인 메모리 반도체 업황이 나빠질 것으로 예상한 것이 컸지만, 민첩성과 세계를 놀라게 했던 '와우' 요인들이 사라진 게 더 큰 악재인 것 같습니다.현재 상황만 놓고 보면, 터널의 끝이 안 보인다고 할 수 있는데요.우리나라 전체 수출에서 반도체가 차지하는 비중이 5분의 1을 넘습니다.삼성전자의 위기가 삼성만의 문제가 아니라는 겁니다.임선우 캐스터와 짚어보겠습니다.먼저 맥쿼리가 내놓은 보고서부터 보죠.얼마나 암울한 내용들이 담겼습니까?[기자]맥쿼리는 삼성전자를 ""병약한 반도체 거인""이라는 표현까지 쓰면서 목표주가를 반토막 냈습니다.투자의견도 중립으로 낮춰 잡았는데, 2022년 이후 줄곧 아웃퍼폼을 유지해 오다 이번에 눈높이를 낮춘 겁니다.맥쿼리는 삼성전자가 메모리 다운 사이클에 진입하면서 수익성에 큰 타격을 받을 것으로 전망했습니다.D램 등 메모리 공급과잉에 따라 평균 판매가격이 내림세로 전환한 가운데, 전방산업 수요 위축이 실적 둔화로 이어질 우려가 크다는 지적입니다.심지어 ""상황에 따라 D램 1위 타이틀을 잃을 수도 있다"" 경고하기도 했는데요.특히 인공지능 가속기에 필수인 고대역폭메모리, HBM 시장에서 엔비디아 납품이 늦어져 주가 상승 모멘텀이 약해지고 있다며, 패배할까 우려된다고 언급하기도 했습니다.그러면서 2026년 삼성전자의 HBM 매출액이 130억 달러로, SK하이닉스와 비교해 43% 수준에 불과할 것으로 내다보기도 했습니다.파운드리 부문에서도 경쟁력이 약해지고 있다는 우려도 나왔는데요.미국 생산공장 가동이 내후년으로 밀리면서 비용부담이 급증할 것으로 추정하면서, ""오랜 기간 삼성의 파운드리 사업에 부정적이었다며, 안타깝게도 상황은 더 나아지지 않다""고 지적했습니다.맥쿼리는 향후 삼성전자 주가가 주가순자산비율, PBR 1배에 맞춰 움직일 것으로 봤습니다.이는 과거 삼성전자의 PBR 밴드 중 최하단으로, 사실상 주가 흐름이 계속 지지부진할 것으로 전망한 셈입니다.[앵커]지적대로라면 삼성전자 앞에 놓인 과제가 한두 개가 아니군요?[기자]그렇습니다.우선 당면한 과제는 글로벌 HBM 시장에서 자리를 찾아야 합니다.삼성전자는 지난 2분기 실적발표 당시 HBM3E 8단 제품을 3분기에 양산한다고 했지만, 아직까지 엔비디아의 승인을 받지 못하고 있고요.엎친데 덮친 격으로 중국 금지령이 내려진 엔비디아발 매출 둔화 우려도 고민거리입니다.최근 중국이 자국 기업들에게 엔비디아가 중국 시장을 겨냥해 만든 H20 칩을 구매하지 말라고 권고하는 지침을 내렸는데, 중국용 중저가 HBM을 납품하는 삼성에게 적잖은 타격이 될 전망입니다.또 시선을 범용 메모리 반도체로 돌려보면 업황이 안 좋습니다.지난달 D램 가격은 전달보다 17.07%, 낸드플래시는 11.44% 하락했는데, 특히 D램 가격이 두 자릿수 하락한 건 지난해 4월 이후 17개월 만입니다.DDR5와 같이 고사양 메모리, 고수익 반도체 수요는 증가하고 있다는 업황 기조는 달라진 게 없지만, 범용 재품 수요는 둔화하고 이에 대한 불확실성이 존재하는 상황에서, HBM이라는 고수익 사업을 놓칠 거라는 우려가 지속적으로 반영되고 있다고 볼 수 있겠습니다.[앵커]해외에선 대규모 감원 계획 소식도 나왔어요?[기자]블룸버그 통신에 따르면 동남아와 호주, 뉴질랜드에서 약 10% 인력 감축을 진행하고 있는 것으로 전해졌는데요.지난달 로이터 역시 삼성전자가 글로벌 자회사 인력 구조조정에 나섰다고 보도하기도 했습니다.삼성전자는 이에 대해 ""일부 해외 법인에서 운영 효율성을 개선하고자 일상적인 인력 조정을 실시하는 것""이며 선을 그었지만, 업계 안팎에서는 최근 삼성전자를 둘러싼 위기설에 무게를 싣는 분위기입니다.주력인 반도체 사업이 지난해 사상 최악의 부진을 겪은 데 이어 경쟁사 대비 회복 속도가 더디고, 프리미엄 스마트폰 시장 등에서도 경쟁사와의 경쟁이 치열해지며 1위 자리 수성에 어려움을 겪는 현 상황이 반영된 걸로 보이는데요.파운드리 부문에서는 세계 최대 파운드리 업체인 대만 TSMC와 격차가 좀처럼 좁혀지지 않고 있고요.올해도 수조 원의 적자를 낼 것으로 예상되고 있습니다.이 때문인지 최근 파운드리 일부 설비 가동을 중단하며 조절에 나서는 등 파운드리 힘을 빼는 모습을 보여주기도 했는데요.메모리 경쟁력부터 회복한다 등 시장에는 삼성전자 조직개편 관련 많은 루머가 돌고 있는데, 사실 확인이 되지 않는 루머들이 많다는 건 회사가 그만큼 흔들리고 있다는 걸 보여준다는 지적입니다.노조와의 갈등도 여전히 진행형입니다.방사선 안전 관리 부실로 지난 5월 기흥사업장에서 노동자 2명이 방사선에 피폭되는 사고가 발생하고, 연간 약 120억 달러의 매출을 올리고 있는 인도에서는 임금 문제로 인한 파업으로 생산에 차질을 빚어졌는데요.불법 시위를 벌인 직원 600여 명이 경찰에 구금되는 등 안팎으로 각종 악재가 이어지고 있습니다.[앵커]안 좋은 소식만 들리다 보니까 주가는 속절없이 떨어지고 있어요.특히 외국인들의 매도세가 멈출 줄 모르는데, 어떤 전망이 나옵니까?[기자]이번주 수요일이었죠.장중 한때 5만 원대로 밀리며 52주 최저가를 경신하기도 했는데요.주가가 6만 원을 밑돈 건 지난해 3월 16일 이후 약 1년 7개월  만입니다.특히 외국인 투자자들의 매도 행렬이 멈추지 않고 있는데요.한 달째 매도세를 이어가면서, 이 기간 8조 7천340억 원어치를 팔아치웠습니다.한종희 삼성전자 디바이스경험 부문장과 전영현 디바이스솔루션 부문장을 비롯한 임원들이 자사주 매입에 적극 나서고 있지만 주가는 여전히 힘을 못 쓰고 있습니다.이런 가운데 삼성전자는 오는 8일 3분기 잠정실적을 발표할 예정인데요.당초 14조 원대로 예상됐던 영업이익은 지난달부터 하향 조정되는 분위기입니다.최근 1개월 내 보고서를 낸 증권사 16곳의 실적 컨센서스를 집계한 결과 삼성전자의 3분기 영업이익은 10조 4천235억 원으로 전망됐는데요.전문가들은 미래에 대한 불확실성이 점차 커지고 있고 삼성전자가 신뢰를 주지 못하고 있다고 진단하고 있습니다.일각에선 창사이래 최대 위기에 몰린 인텔과 같은 전철을 밟지 않기 위해선 메모리 초격차를 확보하기 위한 결단이 필요하단 지적도 나오는데요.과거 이건희 선대회장의 프랑크푸르트 선언처럼, 이재용 회장의 결단력 있는 개혁의 메시지가 절실한 시점이라는 진단입니다.[앵커]임선우 캐스터, 잘 들었습니다.당신의 제보가 뉴스로 만들어집니다.SBS Biz는 여러분의 제보를 기다리고 있습니다.홈페이지 = https://url.kr/9pghjn",0.0,0,부정,"['삼성전자', ""'수난시대'…겹악재"", '에', ""'5만전자'"", '비명']"
2024-10-04 10:39:10,“장기투자는 쪽박?” 한달새 18% 하락한 삼성전자 주가에 개미 곡소리,https://n.news.naver.com/mnews/article/023/0003862153?sid=101,"외국인 18일 연속 9兆 순매도1년 최저가 기록한 삼성전자425만 주주 “주가 회복 언제”[왕개미연구소]“우리나라 주식은 수익 나면 팔아야 하나봐요. 장기투자는 미장(美場)이나 맞고 한국에선 위험해요.” “삼성전자 몇년째 사고 팔고 했는데, 박스권 안에서 움직여요. 저는 얼마 전 8만3000원에서 다 팔았는데, 다시 들어가려고 타이밍 보고 있어요.”국민주(株) 삼성전자 주가가 한 달새 18% 하락하면서 소액 주주들의 실망과 후회가 커지고 있다. 한국을 대표하는 글로벌 기업이자 국민주인 삼성전자가 안정적인 주가 흐름을 보이지 않자, 425만명의 소액 주주들은 불안감에 떨고 있다. 장기 투자는 안정적인 수익을 기대할 수 있는 검증된 전략이지만, 단기적인 주가 하락이 심해지면서 ‘장기투자=쪽박’이라는 부정적인 인식까지 확산되고 있다.9월 초 7만원대 중반에서 움직였던 삼성전자 주가는 외국인 연속 순매도가 이어지면서 6만원대 초반까지 미끄러졌다. 4일 오전에도 주가는 6만1000원 안팎에서 거래되는 중이다. 모간서울, 골드만삭스 등 외국계 증권사 창구를 통한 매도세가 강하다.그래픽=조선디자인랩 이연주지난 2일에는 장중 5만9900원을 찍으면서 심리적 지지선으로 여겨졌던 6만선까지 무너졌다. 삼성전자 주가가 5만원대에 진입한 것은 2023년 3월 16일(종가 5만9900원) 이후 약 1년 7개월 만이다. 고대역폭 메모리(HBM)를 비롯한 반도체 사업 경쟁력 우려가 높아진 데다, 해외 인력 감축 보도까지 나오면서 위기감이 고조되는 모습이다.외국인들의 삼성전자 순매도는 지난 9월 3일부터 18일째 계속되고 있다. 4일 한국거래소에 따르면, 역대 삼성전자 연속 순매도 기간은 지난 2022년 3월 25일부터 4월 28일까지 25일(4조4217억원 순매도)이 최장이었다. 하지만 연속 순매도 기간 중 금액으로만 보면 지금이 최대 규모다. 2024년 9월 3일부터 10월 3일까지 외국인 연속 순매도 금액은 8조8700억원으로 역대 최대다.그래픽=조선디자인랩 이연주삼성전자에 대한 외국계 증권사들의 혹평이 주가를 짓누르고 있다는 지적이 나온다. 앞서 모건스탠리가 ‘반도체 겨울론’을 내세우며 삼성전자 목표주가를 기존 10만5000원에서 7만6000원으로 28% 내려잡았다. 뒤이어 맥쿼리도 삼성전자를 ‘병약한 반도체 거인(Sickly Semicon Giant)’이라고 평가하며 목표 주가를 12만5000원에서 6만4000원으로 대폭 하향 조정했다.한편, 외국인이 내던진 삼성전자 주식 중 8조3000억원어치는 개인들이 받아냈다. 하지만 주가가 단기간에 많이 내려서 대부분 마이너스인 상태다. 4일 NH투자증권에 따르면, 9월 30일 기준으로 삼성전자 주식을 보유한 개인 투자자 70만9830명의 평균 수익률은 -14.5%로 집계됐다. 전체 투자자의 92%가 손실을 보고 있는 상태다.한편 삼성전자는 오는 8일 3분기(7~9월) 잠정 실적을 발표할 예정이다. 3분기 영업이익은 당초 14조원으로 예상됐지만, 지금은 10조원대까지 낮아졌다.김록호 하나증권 연구원은 “고객사 재고가 단기적으로 증가하며 스마트폰과 PC 수요가 예상보다 부진한 것으로 파악된다”며 “실적과 주가가 동종 업체 대비 차별화되려면 HBM 경쟁력 입증이 필요할 것”이라고 말했다. 김운호 IBK투자증권 연구원은 “삼성전자의 실적과 주가를 좌우할 가장 큰 변수는 DS(반도체) 사업부의 일회성 비용과 원·달러 환율 하락”이라고 분석했다.",0.0,0,부정,"['“장기투자', '는', '쪽박', '?', '”', '한달새', '18', '%', '하락', '하', 'ㄴ', '삼성전자', '주가', '에', '개미', '곡소', '이', '리']"
2024-10-04 10:14:21,"삼성전자 ""구형 갤럭시폰 오류 오늘부터 해결…데이터엔 이상 없어""",https://n.news.naver.com/mnews/article/015/0005040224?sid=105,"4일 오전 10시부터 공식 서비스 센터 서 해결 가능""초기 화면 문제…내부 데이터에는 이상 없어""서울 서초구 삼성전자 사옥./사진=연합뉴스삼성전자가 지난 2일부터 발생한 갤럭시 스마트폰 일부 구형 기종에서 생긴 '무한 재부팅' 현상에 대해 공식 서비스센터 방문시 빠르게 해결하겠다고 4일 밝혔다.이에 개천절인 전날 공식 서비스 센터 휴무로 인해 무한 재부팅 현상으로 불편을 겪은 일부 사용자들은 이날 오전 10시부터 오류 해결이 가능하다.삼성전자에 따르면 기존 3년이던 운영체제(OS) 업데이트 지원을 5년까지 연장했는데 이 기간이 만료된 일부 구형 갤럭시 라인의 소프트웨어와 스마트싱스 애플리케이션(앱) 최신 버전을 업데이트하던 중 시스템이 충돌해 문제가 발생했다.삼성전자 관계자는 수리를 위해 서비스센터를 찾은 일부 이용자들 중심으로 내부 사진·영상 등 데이터를 모두 유실했다는 주장에 대해 ""무한 부팅이 반복되는 초기 화면에만 문제가 있는 것이고 내부 데이터는 그대로 있는 상태라 데이터 '복구' 개념은 아니다""라면서 ""내부 데이터 유실에 대해 사용자들은 크게 걱정할 필요가 없을 것""이라고 설명했다.이어 ""문제가 발생한 업데이트가 종료됐기 때문에 추가 문제 발생은 없는 상황""이라며 ""서비스 센터를 방문하면 손쉽게 해결할 수 있다""고 덧붙였다.구형 갤럭시의 무한 재부팅 오류로 인해 피해를 호소하는 글/사진 출처=온라인 커뮤니티 캡처앞서 갤럭시 구형 모델 오류는 지난 2일 최초로 발생한 것으로 알려졌다. 각종 온라인 커뮤니티에선 무한 재부팅으로 인해 업무와 일상생활에 문제가 생겼다며 불편을 호소하는 게시글이 올라왔다.이에 삼성전자는 전날 오후 공지를 내고 ""갤럭시S10 시리즈 등 과거 OS(안드로이드 12)가 탑재된 일부 스마트폰에서 스마트싱스 앱 최신 버전을 업데이트하는 도중 부팅이 반복되는 오류가 발생했다. 불편을 겪으신 고객 여러분께 깊은 사과의 말씀을 드린다""고 밝혔다.이어 ""해당 스마트싱스 앱의 문제를 인지한 즉시 업데이트를 중단했으며 현재 해결을 위한 작업을 긴급 진행 중으로 불편을 겪으신 고객들께서는 가까운 삼성전자서비스센터를 방문하시면 문제 해결을 지원받을 수 있다""고 안내했다.",0.0,0,부정,"['삼성전자', '""', '구형', '갤럭시폰', '오류', '오늘', '부터', '해결…데이터엔', '이상', '없', '어', '""']"
2024-10-04 10:04:35,"삼성전자 ""가전 등 모든 제품에 AI 적용…개인화된 경험 제공""",https://n.news.naver.com/mnews/article/448/0000480904?sid=101,"10월 3일(현지시간) 미국 새너제이 맥에너리 컨벤션 센터(San Jose McEnery Convention Center)에서 개최된 '삼성 개발자 콘퍼런스2024(Samsung Developer Conference 2024)'에서 삼성전자 DX부문장 한종희 대표이사 부회장이 기조 연설을 하고 있다. /삼성전자 제공삼성전자가 자사의 사물인터넷(IoT) 플랫폼인 스마트싱스에 인공지능(AI) 기술을 적용하고, 다른 제품군으로 확대해 집안에 연결된 기기에 AI 기능을 강화한다.삼성전자는 3일(현지시간) 미국 캘리포니아주 실리콘밸리 맥에너리 컨벤션센터에서 '삼성 개발자 콘퍼런스(SDC) 2024'를 개최하고 이 같은 계획을 밝혔다.SDC는 삼성전자의 소프트웨어·서비스·플랫폼에 대한 비전과 혁신을 공유하는 글로벌 행사로 올해 10주년을 맞았다.삼성전자 DX부문장 한종희 부회장은 기조연설에서 ""앞으로 삼성전자 제품은 '누가 말하는지', '어느 공간에 있는지'까지 인지해 고도화된 개인화 경험이 가능할 것""이라며 ""이는 AI 기반 SW·플랫폼 혁신과 보안 기술로 더 편리하고 안전하게 구현될 것""이라고 말했다.삼성전자는 TV·스마트 모니터·비스포크 AI 패밀리허브 냉장고 등에 내장된 스마트싱스 허브를 7인치 스크린이 탑재된 가전으로 확대한다는 계획이다. 삼성전자 제품만 있으면 별도 허브 없이 타사 기기까지 연결이 가능해진다.AI 기술도 모바일과 TV, 가전까지 제품 특성에 맞게 적용해 개인화된 AI 경험도 구현할 계획이다.가령 가족 구성원들 음성만을 인식해 외부인이 기기를 제어할 수 없게 하고, 이용자가 집안 어디에 있는지를 인지해 평소 사용 패턴에 맞춰 온도와 습도를 조절하게 할 계획이다.10월 3일(현지시간) 미국 새너제이 맥에너리 컨벤션 센터(San Jose McEnery Convention Center)에서 개최된 '삼성 개발자 콘퍼런스2024(Samsung Developer Conference 2024)'에서 행사에 참여한 관람객들이 'AI for Platform' 전시 부스에서 '스마트싱스'와 '삼성헬스'의 연동 서비스를 체험하고 있다. /삼성전자 제공삼성전자는 이달 중 적용 예정인 '홈 인사이트(Home Insight)' 서비스도 소개했다.'홈 인사이트'는 스마트싱스를 기반으로 사용자 생활 패턴과 기기 사용 이력, 기기와 집안 상태 등을 분석해 실시간 정보와 필요한 기능을 제공해 주는 서비스다.가령 연결된 기기를 통해 집이 비어 있다고 판단되면 스마트싱스 앱으로 외부에 있는 사용자에게 불필요한 기기의 전원을 끄라고 제안한다.한국과 미국에 우선 적용되고, 기타 지역으로 순차 확대되며 삼성 스마트TV와 갤럭시 스마트폰과 태블릿뿐만 아니라 향후 다른 기기에도 적용된다.스마트싱스는 향후 삼성전자의 헬스 플랫폼 '삼성 헬스'와 다양한 건강·운동 관련 기기를 연동해 고객 경험을 확장할 계획이다.한 부회장은 ""본격적으로 스마트싱스에 AI 기술을 접목하고 개방적 파트너십을 확대함으로써 스마트싱스가 삼성전자의 제품과 서비스를 차별화시키는 게임 체인저 역할을 하게 될 것""이라고 말했다.",0.0,0,부정,"['삼성전자', '""', '가전', '등', '모든', '제품', '에', 'AI', '적용…개인화된', '경험', '제공', '""']"
2024-10-04 09:50:14,"[특징주] 삼성전자, 증권사 목표가 줄하향에 내림세",https://n.news.naver.com/mnews/article/366/0001021764?sid=101,서울 서초구 삼성전자 서초사옥의 모습./뉴스1삼성전자가 6만전자의 자리를 아슬아슬하게 지키고 있다.4일 오전 9시 47분 기준 삼성전자는 전 거래일보다 0.16% 하락한 6만1200원에 거래되고 있다.최근 증권가에선 삼성전자의 목표주가를 낮추고 있다. 외국계 투자은행(IB)인 맥쿼리는 목표주가를 12만5000원에서 6만4000원으로 내렸다. 투자 의견은 ‘매수’에서 ‘중립’으로 수정했다.맥쿼리는 D램 등 메모리 공급과잉에 따라 평균판매단가(ASP)가 내림세에 접어들면서 수요가 위축돼 삼성전자의 실적이 둔화될 수 있다고 우려했다.이런 상황은 국내 증권사도 마찬가지다. 키움증권은 삼성전자의 목표 주가를 기존 10만원에서 9만원으로 내렸다. 신한투자증권과 IBK투자증권도 11만원에서 9만5000원으로 하향했다.한편 직전 거래일인 2일 삼성전자는 장중 6만원선이 깨지면서 5만9900원까지 밀리기도 했다. 삼성전자가 5만원대를 기록한 건 지난해 3월 16일 이후 1년 7개월 만이었다.,0.0,0,부정,"['[', '특징주', ']', '삼성전자', ',', '증권사', '목표', '가', '줄하향', '에', '내림세']"
2024-10-04 09:20:06,"삼성전자, 업계 최고 성능∙최대 용량 PC용 SSD PM9E1 양산",https://n.news.naver.com/mnews/article/119/0002878214?sid=101,"고성능∙고용량 AI PC용 SSD 양산… 온디바이스 AI 기능에 최적삼성전자 PC용 SSD PM9E1 제품 이미지.ⓒ삼성전자[데일리안 = 임채현 기자] 삼성전자가 업계 최고 성능∙최대 용량의 PC용 SSD PM9E1 양산을 시작했다.삼성전자는 8채널 PCIe 5.0 기반 PM9E1에 8세대 V낸드와 자체 설계한 5나노 기반 컨트롤러를 탑재해 업계 최고 수준의 성능을 구현했다고 4일 밝혔다.이번 제품은 연속 읽기ㆍ쓰기 속도가 각각 초당 최대 14.5GB(기가바이트), 13GB로, 전작 'PM9A1a' 대비 2배 이상 향상됐다.14GB 크기의 대형 언어 모델(LLM)을 SSD에서 D램으로 1초만에 로딩할 수 있어 AI 서비스를 보다 효율적으로 사용할 수 있다.이번 제품은 업계 최대 용량 4TB(테라바이트) 포함 512GB, 1TB, 2TB 4가지 용량을 제공한다.특히, 4TB 제품은 ▲AI 생성 콘텐츠 ▲고해상도 이미지∙영상 ▲게이밍 등 고용량과 고성능이 요구되는 작업에도 적합하다.PM9E1은 전작 대비 전력 효율이 50% 이상 크게 개선돼 배터리 사용량이 중요한 온디바이스 AI PC에 최적인 제품이다.또한 이번 제품은 데이터 보안이 중요해지고 있는 시장 트렌드에 맞춰 SPDM 1.2 버전을 적용해 보안 솔루션을 한층 강화했다.'디바이스 인증(Authentication)', '펌웨어 변조 탐지(Attestation)', '보안 채널(Secure Channel)' 등의 기술을 통해 생산이나 유통 과정에서 제품 내 저장된 데이터를 위∙변조하는 공급망 해킹(Supply Chain Attack)을 방지할 수 있다.배용철 삼성전자 메모리사업부 상품기획실 부사장은 ""PM9E1은5나노 컨트롤러를 탑재해 업계 최고 수준의 성능과 전력 효율이 강점인 제품으로, 주요 글로벌 PC 제조사들과 제품 성능 검증을 완료했다""며 ""이번 제품은 빠르게 성장하는 온디바이스 AI 시대에 고객들이 최적의 포트폴리오를 구성할 수 있도록 하는 기반이 될 것""이라고 밝혔다.삼성전자는 이번 제품 양산을 시작으로 주요 글로벌 PC 제조사에 공급을 확대해 나갈 계획이며, 향후 PCIe 5.0 기반 소비자용 SSD 제품도 출시해 온디바이스 AI 시장에서의 리더십을 더욱 공고히 할 방침이다.",0.0,0,부정,"['삼성전자', ',', '업계', '최고', '성능∙최대', '용량', 'PC', '용', 'SSD', 'PM9E1', '양산']"
2024-10-04 09:14:16,"[특징주]삼성전자, 증권가 목표가 하향 속 약세 출발",https://n.news.naver.com/mnews/article/018/0005850026?sid=101,[이데일리 이정현 기자] 삼성전자(005930)가 증권가의 잇따른 목표가 하향에 약세로 출발했다.사진=연합뉴스4일 엠피닥터에 따르면 오전 9시9분 현재 삼성전자는 전 거래일 대비 0.33%(200원) 내린 6만 1100원에 거래중이다. 외국인 중심 매도세에 전일까지 3거래일 연속 하락을 기록한 후 다시 약세로 출발했다. 같은 시간 SK하이닉스(000660)가 1%대 반등에 성공했으나 삼성전자는 약보합에 그친 모습이다.증권가에서는 삼성전자의 3분기 실적이 시장 컨센서스에 부합할 것이라 내다보면서도 목표가를 일부 하향 조정하는 추세다. SK증권은 거시 경제 부진에 따른 세트의 더딘 회복과 이로 인한 메모리 사이클 단기 둔화를 반영해 삼성전자의 목표가를 8만6000원으로 하향 조정했다.한동희 연구원은 “사이클 단기 둔화 후 재반등이 예상된다”며 “높아지고 있는 이익 체력에는 초점을 맞출 것을 권고한다”고 말했다.,0.0,0,부정,"['[', '특징주', ']', '삼성전자', ',', '증권', '가', '목표', '가', '하향', '속', '약세', '출발']"
2024-10-04 08:55:58,"AI PC 시대 도래…삼성전자, 업계 최고 성능 PM9E1 양산",https://n.news.naver.com/mnews/article/003/0012818684?sid=101,"온디바이스 AI 기능에 최적…고용량 4TB 옵션 제공[서울=뉴시스]삼성전자가 업계 최고 성능·최대 용량의 PC용 SSD(솔리드스테이트드라이브) PM9E1 양산을 시작했다. 다양한 AI(인공지능) 기능을 제공하는 'AI PC'에 최적화한 제품이다. (사진=삼성전자 제공) photo@newsis.com *재판매 및 DB 금지[서울=뉴시스]이인준 기자 = 삼성전자가 업계 최고 성능·최대 용량의 PC용 SSD(솔리드스테이트드라이브) PM9E1 양산을 시작했다고 4일 전했다. 다양한 AI(인공지능) 기능을 제공하는 'AI PC'에 최적화한 제품이다.삼성전자는 8채널 PCIe 5.0 기반 PM9E1에 8세대 V낸드와 자체 설계한 5나노 기반 컨트롤러를 탑재해 업계 최고 수준의 성능을 구현했다.온디바이스 AI 서비스를 효율적으로 사용하기 위해서는 SSD가 AI 모델을 신속하게 전송해야 한다. 이번 제품은 연속 읽기·쓰기 속도가 각각 초당 최대 14.5GB(기가바이트), 13GB로, 전작 'PM9A1a' 대비 2배 이상 향상됐다.14GB 크기의 대형 언어 모델(LLM)을 SSD에서 D램으로 1초 만에 로딩할 수 있어 AI 서비스를 보다 효율적으로 사용할 수 있다.이번 제품은 업계 최대 용량 4TB(테라바이트) 포함 512GB, 1TB, 2TB 4가지 용량을 제공한다. 특히 4TB 제품은 ▲AI 생성 콘텐츠 ▲고해상도 이미지∙영상 ▲게이밍 등 고용량과 고성능이 요구되는 작업에도 적합하다.PM9E1은 전작 대비 전력 효율이 50% 이상 크게 개선돼 배터리 사용량이 중요한 온디바이스 AI PC에 최적인 제품이다.이번 제품은 데이터 보안이 중요해지고 있는 시장 트렌드에 맞춰 보안 표준 SPDM 1.2 버전을 적용해 보안 솔루션을 한층 강화했다.'디바이스 인증(Authentication)', '펌웨어 변조 탐지(Attestation)', '보안 채널(Secure Channel)' 등의 기술을 통해 생산이나 유통 과정에서 제품 내 저장된 데이터를 위∙변조하는 공급망 해킹(Supply Chain Attack)을 방지할 수 있다.배용철 삼성전자 메모리사업부 상품기획실 부사장은 ""이번 제품은 빠르게 성장하는 온디바이스 AI 시대에 고객들이 최적의 포트폴리오를 구성할 수 있도록 하는 기반이 될 것""이라고 밝혔다.[서울=뉴시스]삼성전자가 업계 최고 성능·최대 용량의 PC용 SSD(솔리드스테이트드라이브) PM9E1 양산을 시작했다. 다양한 AI(인공지능) 기능을 제공하는 'AI PC'에 최적화한 제품이다. (사진=삼성전자 제공) photo@newsis.com *재판매 및 DB 금지삼성전자는 이번 제품 양산을 시작으로 주요 글로벌 PC 제조사에 공급을 확대해 나갈 계획이며, 향후 PCIe 5.0 기반 소비자용 SSD 제품도 출시해 온디바이스 AI 시장에서의 리더십을 더욱 공고히 할 방침이다.시장조사기관 가트너에 따르면 지난해 시장 규모 114억달러인 PC SSD 시장에서 삼성전자는 33.4%로 1위 자리를 지키고 있다. 가트너는 ""전 세계 AI PC 출하량이 향후 2년간 해마다 전년 대비 2배 이상 성장하며 빠르게 대중화될 것""으로 예측했다.오는 2025년에 전 세계 PC의 출하량의 43%(1억1400만대), 2026년 말 모든 기업용 PC는 AI PC까지 될 것이란 분석이다．",0.0,0,부정,"['AI', 'PC', '시대', '도래…삼성전자,', '업계', '최고', '성능', 'PM9E1', '양산']"
2024-10-04 08:30:06,"삼성전자, PC용 고성능·고용량 SSD 'PM9E1' 양산",https://n.news.naver.com/mnews/article/092/0002347490?sid=105,"5나노 기반 컨트롤러와 8세대 V낸드 탑재...업계 최고 성능 구현삼성전자가 온디바이스 AI PC에 최적화된 SSD PM9E1 양산을 시작했다. 삼성전자는 8채널 PCIe 5.0 기반 PM9E1에 8세대 V낸드와 자체 설계한 5나노 기반 컨트롤러를 탑재해 업계 최고 수준의 성능을 구현했다.삼성전자 PC용 SSD PM9E1 제품 (사진=삼성전자)이번 제품은 연속 읽기ㆍ쓰기 속도가 각각 초당 최대 14.5GB(기가바이트), 13GB로, 전작 'PM9A1a' 대비 2배 이상 향상됐다. 14GB 크기의 대형 언어 모델(LLM)을 SSD에서 D램으로 1초 만에 로딩할 수 있어 AI 서비스를 보다 효율적으로 사용할 수 있다.이번 제품은 업계 최대 용량 4TB(테라바이트) 포함 512GB, 1TB, 2TB 4가지 용량을 제공한다. 특히, 4TB 제품은 ▲AI 생성 콘텐츠 ▲고해상도 이미지∙영상 ▲게이밍 등 고용량과 고성능이 요구되는 작업에도 적합하다.PM9E1은 전작 대비 전력 효율이 50% 이상 크게 개선돼 배터리 사용량이 중요한 온디바이스 AI PC에 최적인 제품이다. 또한 이번 제품은 데이터 보안이 중요해지고 있는 시장 트렌드에 맞춰 SPDM 1.2 버전을 적용해 보안 솔루션을 한층 강화했다.삼성전자 PC용 SSD PM9E1 제품 (사진=삼성전자)'디바이스 인증(Authentication)', '펌웨어 변조 탐지(Attestation)', '보안 채널(Secure Channel)' 등의 기술을 통해 생산이나 유통 과정에서 제품 내 저장된 데이터를 위∙변조하는 공급망 해킹(Supply Chain Attack)을 방지할 수 있다.삼성전자 메모리사업부 상품기획실 배용철 부사장은 ""PM9E1은 5나노 컨트롤러를 탑재해 업계 최고 수준의 성능과 전력 효율이 강점인 제품으로, 주요 글로벌 PC 제조사들과 제품 성능 검증을 완료했다""며 ""이번 제품은 빠르게 성장하는 온디바이스 AI 시대에 고객들이 최적의 포트폴리오를 구성할 수 있도록 하는 기반이 될 것""이라고 밝혔다.삼성전자는 이번 제품 양산을 시작으로 주요 글로벌 PC 제조사에 공급을 확대해 나갈 계획이다. 향후 PCIe 5.0 기반 소비자용 SSD 제품도 출시해 온디바이스 AI 시장에서의 리더십을 더욱 공고히 할 방침이다.",0.0,0,부정,"['삼성전자', ',', 'PC', '용', '고성능·고용량', 'SSD', ""'PM9E1'"", '양산']"
2024-10-04 08:06:06,"엔비디아 주가, 황 사장님 자신감에 ‘급등’…‘HBM 늦깎이’ 삼성전자 주가는요? [투자360]",https://n.news.naver.com/mnews/article/016/0002369802?sid=101,"[로이터, 게티이미지뱅크][헤럴드경제=신동윤 기자] “엔비디아는 인공지능(AI) 차세대칩으로 계속 오르는데, 삼성전자는 차세대 HBM 엔비디아 납품 완전 확정 아니고는 주가 못 오르는 건가요?” (온라인 주식거래앱 커뮤니티)글로벌 AI 랠리 선두주자 엔비디아 주가가 차세대 AI 칩 ‘블랙웰’ 수요가 강력하다는 젠슨 황 엔비디아 최고경영자(CEO)의 발언 덕분에 급등세를 타고 있다.4일 금융투자업계에 따르면 미 동부 시간 3일 미 뉴욕증시(NYSE)에서 엔비디아 주가는 전날보다 3.3% 오른 122.85달러(16만552원)에 거래됐다.전날 정규장에서 1.58% 오른 데 이어 상승폭이 더 커졌다. 장중에는 4% 이상 상승한 124달러 대까지 치솟기도 했다.이날 상승은 황 CEO가 신제품인 블랙웰 칩 수요에 대해 자신감을 피력한 데 따른 것으로 풀이된다. 블랙웰은 H100과 H200 등 엔비디아의 호퍼 칩에 이은 차세대 AI 칩으로 4분기 양산을 앞두고 있다.황 CEO는 전날 방영된 미 CNBC 방송과 인터뷰에서 “블랙웰을 완전히 생산 중이며 계획대로 진행되고 있다”고 말했다. 이어 “블랙웰에 대한 수요는 엄청나다(insane)”며 “모두가 최대한 (물량을) 원하며 가장 먼저 받고 싶어 한다”고도 했다.CNBC 방송은 블랙웰의 가격은 대당 3만∼4만 달러로, 오픈AI와 마이크로소프트(MS), 메타 등의 기업과 챗(Chat)GPT, 코파일럿 등의 제품에 전력을 공급하기 위해 AI 데이터 센터를 구축하는 다른 기업들로부터 뜨거운 수요를 받고 있다고 전했다.엔비디아 주가 상승에 힘입어 같은 시간 대만 TSMC 주가도 2.0% 오른 179.48달러에 거래를 마쳤다.세계 최대 파운드리(반도체 위탁생산) 업체인 TSMC는 엔비디아의 최신 AI 칩을 생산하고 있다.미 증시 대표 반도체 지수인 필라델피아반도체지수도 이날 전 거래일 대비 0.51% 오른 5125.21에 장을 마쳤다.이날 엔비디아를 비롯한 미 대표 반도체 지수의 상승세는 국내 증시에서 약세를 떨쳐내지 못하고 있는 삼성전자 주가엔 긍정적 재료로 작용할 것으로 전망된다.앞서 삼성전자는 지난 2일 코스피 시장에서 전 거래일 대비 0.33%(200원) 하락한 6만1300원에 거래를 마감했다. 이날 하락세로 출발한 삼성전자는 장 초반 5만9900원까지 밀리며 주가가 6만원을 밑돌기도 했다. ‘6만전자’가 붕괴된 것은 지난해 3월16일 이후 1년8개월 만이다.삼성전자에서 외국인과 기관은 각각 1127억원, 1543억원 규모의 순매도에 나서면서 주가에 하방 압력을 가했다. 외국인은 18거래일 연속 삼성전자 주식에 대해 ‘팔자’ 공세를 이어가며, 이 기간 동안에만 무려 8조8712억원을 팔아치웠다.외국계를 중심으로 비관론이 확산하는 가운데 저가 매수에 나섰던 개인들도 삼성전자의 주가가 저점을 뚫고 내려가면서 회의론이 커지는 모양새다. 종목토론실에는 삼성전자의 주가 하락에 대한 주주들의 볼멘소리가 터져 나오고 있다.한 증권업계 관계자는 “AI칩 제조 과정에서 필수적인 고대역폭메모리(HBM) 시장에서 SK하이닉스에 선두 자리를 사실상 내준 탓에 엔비디아발(發) AI 랠리에서도 삼성전자 주가가 제대로 탄력을 받지 못한다는 점이 시간이 지날 수록 증명 중”이라고 꼬집었다.앞서 지난달 15일 모건스탠리는 ‘겨울이 다가온다(Winter Looms)’와 ‘메모리, 겨울은 항상 마지막에 웃는다(Winter always laughs last)’ 보고서를 연달아 발표하면서 메모리 반도체에 대한 비관론에 불을 지폈다. 모건스탠리는 삼성전자의 목표주가를 기존 10만5000원에서 7만6000원으로 27.6% 내려잡았다. 맥쿼리도 2일 삼성전자에 대해 D램 등 메모리 반도체 공급 과잉이 발생해 평균판매가격(ASP)이 하락하면서 전방 산업의 수요가 위축될 것이라며 목표주가를 기존 12만5000원에서 6만4000원으로 48.8% 하향 조정했다.반면, 국내 증권가에선 목표주가를 과거에 비해 큰 폭으로 내려 잡으면서도 반등 가능성이 높다는 분석을 이어가고 있다. 특히 밸류에이션 대비 현 주가 하락이 과도하다는 시각이 많다. 금융정보업체 에프앤가이드가 집계한 국내 증권사의 삼성전자 목표주가 컨센서스(평균치)는 9만8360원이다. 불과 2개월 전 최고 13만원까지 목표주가를 제시했던 것을 생각하면 큰 폭으로 내려 잡은 수치다.최근 발표된 반도체 9월 수출 규모는 분기 기준 사상 최고치를 기록한 것으로 나타나 반도체에 대한 비관론이 수그러들지 관심이 쏠린다. 산업통상자원부가 발표한 ‘9월 수출입 동향’에 따르면 3분기 반도체 수출액은 전년 동기 대비 41.4% 증가한 366억8000만 달러를 기록해 분기 기준 사상 최대실적을 기록한 것으로 집계됐다.박유악 키움증권 연구원은 “삼성전자의 현재 주가 수준에서는 ‘HBM3E(5세대 HBM)의 엔비디아 양산 퀄테스트 완료’와 ‘D램 업황 양호’라는 안도감만으로도 충분한 수준의 반등이 나타날 수 있다”고 진단했다. 또 “현재 삼성전자의 12개월 PER(주가순자산비율)은 1.1배로 금융위기(2008년)와 중국 및 인텔의 메모리 시장 진입(2015년), 코로나19 경제 위기(2020년), 영업적자 우려(2022년)가 있었던 시기의 최하단 수준에 위치해 있다”고 분석했다.",0.0,0,부정,"['엔비디', '아', '주', '가', ',', '황', '사장님', '자신감', '에', '‘급등’…‘HBM', '늦깎이’', '삼성전자', '주가는요', '?', '[투자360', ']']"
2024-10-04 08:01:13,"""볼 수밖에 없다""…TV 1위 삼성, 美서 '비장의 카드' 꺼냈다",https://n.news.naver.com/mnews/article/015/0005040159?sid=101,"삼성 TV 플러스, 미국 시장 최대 'K콘텐츠 플랫폼' 승부수/사진=게티이미지뱅크글로벌 TV 1위 삼성전자가 광고 기반 무료 스트리밍(패스트·FAST) 서비스 ‘삼성 TV 플러스’로 세계 최대 TV 시장 미국에서 K콘텐츠 핵심 플랫폼이 된다. K콘텐츠가 세계적으로 인기를 누리는 만큼 삼성전자로선 플랫폼 사업 매출로 수익성을 끌어올리는 계기가 될 전망이다.회사 측에 따르면 삼성전자는 CJ ENM, 뉴아이디, KT알파 등 국내 콘텐츠 미디어 기업들과 손잡고 약 4000시간 분량의 K콘텐츠를 삼성TV 플러스를 통해 3일(현지시간) 미국 시장에 출시했다.삼성 TV 플러스와 국내 독점 파트너십을 맺은 CJ ENM은 ‘슬기로운 산촌생활’, ‘스트릿 우먼 파이터2’ 등의 콘텐츠를 북미 소비자들에게 처음 공개해 인기를 끌고 있다. 최근 자체 온라인동영상서비스(OTT) 플랫폼 티빙의 유료 가입자 수 기여 1위 ‘환승연애’ 시리즈도 선보였다.약 4000시간 분량의 K콘텐츠가 삼성TV 플러스를 통해 3일(현지시간) 미국 시장에 출시됐다. / 사진=삼성전자 제공이와 함께 ‘암살’ ‘도둑들’ ‘국제시장’ 같은 역대 1000만 영화 흥행작들을 대거 공개했다. 내년 미국 아카데미상에 출품 예정인 ‘서울의 봄’ 등 500여편 넘는 한국 영화도 제공한다.삼성전자는 미국 내 채널에 한국 영화를 공급하는 뉴아이디, 국내 최대 디지털 콘텐츠 전문 투자 배급사 KT알파와의 전략적 협업을 통해 꾸준히 한국 영화를 북미 소비자들에게 선보일 예정이다.인터넷이 연결된 커넥티드 TV로 제공하는 패스트 서비스는 소비자가 광고를 보는 대신 동영상 스트리밍을 무료 시청할 수 있다. IPTV(인터넷TV)가 활성화된 국내와 달리 미국에선 패스트 서비스가 주류다. TV 제조사 입장에선 특별한 제조 비용 없이 광고 등 플랫폼 사업으로 매출을 올릴 수 있어 ‘황금알 낳는 거위’가 될 미래 사업으로 기대받고 있다. 삼성전자뿐 아니라 LG전자도 패스트 서비스 기반이 되는 웹OS(운영체제) 공급에 공 들이는 이유다.최용훈 삼성전자 영상디스플레이사업부 부사장은 “K콘텐츠의 위상이 높아지는 가운데 그동안 글로벌 유통 가능한 플랫폼은 제한적인 면이 있었다”면서 “18년 연속 글로벌 TV 시장 1위의 경쟁력을 바탕으로 삼성 TV 플러스가 글로벌 K콘텐츠 플랫폼으로 자리매김하게 만들겠다. 한국의 다양한 콘텐츠 파트너와 동반 성장할 수 있는 생태계 구축에 앞장설 것”이라고 말했다.삼성 TV 플러스는 3억대에 달하는 삼성 스마트 TV에 탑재된 자체 개발 타이젠OS 바탕 서비스로, 27개국 3000여개 채널과 5만여개의 주문형 비디오(VOD) 콘텐츠를 제공하고 있다. 삼성전자는 미국을 시작으로 전세계 다양한 지역에 K콘텐츠를 확산해나갈 계획이다.",0.0,0,부정,"['""', '보', 'ㄹ', '수', '밖에', '없다""…TV', '1위', '삼성', ',', '美', '서', ""'"", '비장', '의', '카드', ""'"", '끄', '어', '내', '었다']"
2024-10-04 07:48:15,"삼성전자, 실적부진 우려 과도…목표가 13.6%↓-IBK",https://n.news.naver.com/mnews/article/018/0005849950?sid=101,"[이데일리 원다연 기자] IBK투자증권은 4일 삼성전자(005930)에 대해 최근 주가가 실적 부진에 대한 우려를 지나치게 반영했다고 판단하며 ‘매수’ 투자의견을 유지한다고 밝혔다. 목표가는 종전 11만원에서 9만 5000원으로 하향 조정했다. 전일 종가는 6만 1300원이다.IBK투자증권은 삼성전자의 3분기 매출액을 전 분기 대비 8.7% 증가한 80조 5500억원, 영업이익은 2.7% 감소한 10조 1600억원으로 추정했다.김운호 연구원은 “삼성전자의 3분기 영업이익은 일회성 비용을 제외하면 2분기 대비 증가할 것”이라며 “DS사업부는 범용 제품에 대한 평균판매단가 상승이 이전 전망에 비해서 부진한 점, HBM3e 물량이 예상 대비 부진한 점은 아쉬운 부분”이라고 밝혔다.그는 “디스플레이는 해외 고객의 신제품 영향으로 2분기 대비 실적이 개선되는 방향은 예상대로이지만 IT OLED 부진이 예상 밖의 변수”라며 “모바일은 비용 절감을 통해서 이전 전망 대비 개선될 것”이라고 봤다.김 연구원은 “3분기 영업이익은 일회성 비용으로 성장세가 주춤하지만 일회성 비용을 제외하면 4분기까지 지속될 것으로 예상하고, 부진했던 NAND 수익성도 가격 반등으로 빠르게 정상화되어 가고 있는 것으로 판단한다”며 “영업이익이 개선되는 구간에 진입한 것으로 판단하고, 최근 주가는 실적 부진에 대한 우려를 지나치게 반영했다고 본다”고 밝혔다.서울 서초구 삼성전자 서초사옥의 모습. (사진=연합뉴스)",0.0,0,부정,"['삼성전자', ',', '실적부진', '우려', '과도…목표', '가', '13.', '6%↓', '-', 'IBK']"
2024-10-04 07:45:10,“5만전자 봤으니 이제 사도된다고?”...삼성전자 목표주가 내렸지만 매수하라는데,https://n.news.naver.com/mnews/article/009/0005374042?sid=101,"삼성전자 사옥. [사진 출처 = 연합뉴스]IBK투자증권은 4일 삼성전자에 대해 올 3분기 실적이 시장기대치를 하회할 것으로 예상된다며 목표주가를 기존 11만원에서 9만5000원으로 하향 조정했다. 다만 삼성전자의 최근 주가는 실적 부진에 대한 우려가 지나치게 반영됐다며 투자의견은 ‘매수’를 유지했다.IBK투자증권은 삼성전자의 3분기 영업이익이 전년동기대비 317.8% 증가한 10조1600억원을 기록할 것이라고 전망했다. 이는 IBK투자증권의 이전 삼성전자 3분기 영업익 전망 13조1480억원보다 감소한 규모다.삼성전자의 실적과 주가를 좌우할 가장 큰 변수는 DS(반도체) 사업부의 일회성 비용과 원·달러 환율 하락이라고 IBK투자증권은 분석했다.각 부문별로 살펴봤을 때, 3분기 DS사업부는 범용 제품에 대한 ASP(평균판매단가) 상승이 이전 전망 대비 부진하고 HBM3e(고대역폭메모리) 물량 또한 기대치에 못 미친다고 IBK투자증권은 평가했다. 디스플레이 부문의 경우, 해외 고객의 신제품 영향으로 2분기 대비 실적이 개선되겠지만 정보기술(IT)용 유기발광다이오드(OLED) 부진이 예상 밖의 변수로 작용할 것으로 봤다. 모바일 부문 영업익은 비용 절감을 통해 이전 전망 대비 개선될 것이라고 관측했다.김운호 IBK투자증권 연구원은 “삼성전자의 3분기 영업이익은 일회성 비용으로 잠시 주춤하겠지만 일회성 비용을 제외하면 4분기까지 성장세가 지속될 것이며 부진했던 낸드(NAND) 수익성은 가격 반등으로 빠르게 정상화돼 가고 있는 것으로 판단한다”며 “영업이익이 개선되는 구간에 진입했다”고 말했다.",0.0,0,부정,"['“5만전자', '보', '아니', '이제', '사도', '되', 'ㄴ다', '고', '?', '”.', '..', '삼성전자', '목표주가', '내리', '었지만', '매수', '하', '라는데']"
2024-10-04 07:01:10,[기자수첩] 삼성전자 ‘인재 이탈’ 해법은 없나,https://n.news.naver.com/mnews/article/366/0001021727?sid=110,"이정배 삼성전자 메모리사업부장(사장)은 지난달 25일 삼성전자 메모리사업부 타운홀 미팅에서 한 직원이 ‘우수 인력 확보와 인력 이탈에 대한 대책’을 묻자 “여러분이 열심히 일해달라. 주위에 나가려는 인력들도 지켜달라”고 답했다.이날 타운홀 미팅에서 경영진과 직원 사이에 오간 대화는 최근 삼성전자 인재 이탈의 심각성을 보여주는 대목이다. 경쟁사와 기술 격차를 좁히는 데 기여할 수 있는 우수 인력은 부족하고, 주니어 연차 직원들은 경쟁사로 이직을 준비할 만큼 내부 동요설이 심심치 않게 나오고 있다.‘인재제일’은 삼성전자의 핵심 경영 철학이자, 과거 경쟁사를 압도했던 ‘초격차’의 비결이다. 국내 최고의 이공계 인재들이 모여 세계 메모리 반도체 시장 1위를 유지하는 기술과 제품을 선보여왔다. 하지만 최근 메모리 반도체 시장 내 입지가 예전 같지 않은 데다, 사업 환경도 녹록지 않다.일각에서는 삼성전자가 우수 인력을 유치하고, 유지할 수 있도록 제도 개선이 시급하다는 목소리도 나온다. 인공지능(AI) 반도체의 선두주자인 미국 엔비디아가 퇴사율을 절반가량으로 낮출 수 있었던 제도인 양도제한조건부주식(RSU)을 도입하거나, 정부 차원에서 고급 인재 확보에 나서는 기업에 세제 혜택 등을 제공해 부담을 덜어주자는 것이다.이병훈 포스텍 반도체공학과 교수는 “반도체 전쟁은 이미 ‘현재 진행형’으로 인재를 육성할 때까지 기다릴 시간이 없다”며 “즉시 전장에 투입해 승기를 가져올 인재를 유치할 수 있는 대책 마련과 제도 개선이 필요하다”고 했다.그동안 삼성전자는 메모리 사업부뿐만 아니라 기술 경쟁력 제고가 필요한 사업 부문의 인력 확보에 갈증을 느꼈다. 특히, 파운드리(반도체 위탁생산)와 시스템LSI 사업부는 경쟁사를 추격하는 발판을 마련해 줄 고급 인재 수혈이 절실하다. 파운드리 사업은 대만 TSMC와의 점유율 격차가 더욱 벌어지고 있고, 시스템LSI는 대표 제품인 엑시노스 시리즈의 차세대 모델 개발 및 양산에 난항을 겪고 있다.미국 빅테크 기업들과 중국 기업들이 정부의 전폭적인 지원을 등에 업고 세계 최고 대우를 내걸며 인재들을 싹쓸이할 때 우리는 무엇을 하고 있는지 냉정하게 따져볼 때다. 한국을 대표하는 기업인 삼성전자가 인재 이탈로 경쟁력을 잃는다면 ‘반도체 강국’이라는 수식어가 무색해지는 것은 시간 문제일 것이다.",0.0,0,부정,"['[', '기자수첩', ']', '삼성전자', '‘인재', '이탈’', '해법', '은', '없', '나']"
2024-10-04 06:30:08,"'5만 전자' 찍은 삼성전자, 국내외 증권사 평가 엇갈리는 이유는",https://n.news.naver.com/mnews/article/018/0005849928?sid=101,"모건스탠리에 이어 맥쿼리까지…'5만전자' 터치투자심리 악화…외국인 '팔자' 이어져韓 증권사 ""외사와 AI 수요 관점서 정반대""""최근 주가는 우려 지나치게 반영""…반등 전망[이데일리 이용성 기자] 글로벌 투자은행(IB)이 삼성전자를 향해 잇따라 비관적인 평가와 전망을 내놓으며 삼성전자의 주가가 장중 5만원대까지 떨어지는 등 약세를 벗어나지 못하고 있다. 일부 외국계 금융사가 삼성전자의 목표주가를 5만~6만원대까지 낮추며 투자심리는 더 악화하는 모양새다.국내 증권사들은 삼성전자의 경영환경이 우호적이지 않다고 보면서도 외국계 금융사들의 이 같은 평가와 전망이 과도하다고 반박하고 있다. 외국계 금융사와 국내 증권사 간 전망이 엇갈리며 ‘삼전 개미(삼성전자에 투자하는 개인 투자자)’들의 혼란도 커진다는 우려가 나온다.[이데일리 김일환 기자]맥쿼리까지 목표가 6.4만…투심 악화에 ‘5만전자’ 터치3일 엠피닥터에 따르면 삼성전자는 지난 2일 전 거래일 대비 0.33% 내린 6만 1300만원에 거래를 마쳤다. 장중에는 5만 9900원을 기록하며, ‘5만 전자’를 터치했다. 특히 외국인이 삼성전자의 주가를 끌어내렸다. 외국인은 9월 한 달간 하루를 제외하고 모든 거래일 동안 삼성전자를 팔아치웠다. 지난 2일부터 18거래일 연속 순매도 행진이다. 이 기간 외국인의 순매도 규모는 약 8조 7000억원에 이른다.외국인들의 투자심리가 악화한 것은 글로벌 금융사들이 잇따라 삼성전자에 대한 비관론을 제시하며 우려를 키운 영향이 크다. 글로벌 투자은행 모건스탠리는 지난달 삼성전자의 메모리 부문 업황 악화를 이유로 목표가를 10 만5000원에서 7만 6000원으로 내렸다. 이어 글로벌 금융그룹 맥쿼리 역시 메모리 부문의 수요 악화를 근거 삼아 투자의견을 ‘중립’으로 낮췄고, 목표가를 12만 5000원에서 6만 4000원으로 반 토막 냈다. 이외 미국의 금융사 서스케하나는 삼성전자에 대한 투자의견을 ‘중립’으로 하향하고, 목표가를 5만 5000원까지 낮추기도 했다.외국계 금융사들이 삼성전자에 대해 비관적인 평가를 내린 가장 큰 원인은 메모리 반도체의 업황이다. 이들은 메모리 반도체의 공급 과잉에 따라 판매 가격이 하락세에 접어들었다고 분석한다.또한 그간 기대를 끌어왔던 고대역폭메모리(HBM) 시장에서도 엔비디아 납품 지연 등으로 경쟁력을 잃었다고 봤다. 이밖에 주요 고객사들의 부족한 수요로 태일러 팹(생산공장)이 유휴자산이 될 가능성이 커 파운드리 사업에 대한 비용 부담이 늘어날 것이라고도 평가했다.블룸버그통신 등 외신은 삼성전자가 글로벌 인력 감축 계획의 일환으로 동남아시아, 호주, 뉴질랜드에서 해당 지역 인력의 약 10%를 해고하고 있다고 보도하면서 이 같은 우려에 불안감을 더하기도 했다.韓 증권사와 결 달라…“AI 수요와 기대감서 관점 차이”국내 증권사들은 외국계 금융사와 결이 다른 시각으로 삼성전자를 평가하고 있다. 국내 증권사들 역시 삼성전자가 인공지능(AI) 반도체와 서버 인프라 투자에서 뒤처지고 있고, 반도체 다운 사이클에 취약하다고 판단하면서도 외국계 금융사들의 우려는 과하다고 지적한다.한 증권사 관계자는 “경기민감 산업인 반도체 업황이 좋지 않고, 삼성전자에 대한 우려도 일부 맞는 얘기”라면서도 “AI 수요가 앞으로 뻗어 나갈 것이고, 그 과정에서 범용 수요가 현재는 안 좋지만 앞으로 좋아질 수 있다고 기대하는 것에서 외국계 금융사와 정반대의 입장”이라고 했다.실제 국내 증권사 리포트들을 살펴보면, 현재 진행 중인 엔비디아의 퀄 테스트 통과와 함께 HBM 시장에서 삼성전자의 차세대 제품 출시에 대한 기대가 여전히 크다. 김형태 신한투자증권 연구원은 “공급자 중심 메모리 수급 환경이 유지되며 우려 대비 양호한 2025년 업황이 기대된다”며 “연내 예상되는 HBM 시장에서의 성과 확인도 반등 재료로 작용할 가능성이 있다”고 강조했다.이에 따라 국내 증권사들은 삼성전자에 대한 목표가를 하향하면서도 외국계 금융사처럼 큰 폭으로 낮추지는 않았다. 금융정보업체 에프앤가이드에 따르면 국내 주요 증권사의 삼성전자의 목표가 평균은 9만 9560원이다. 직전 평균 목표가인 10만8320원에서 약 8.08% 눈높이를 낮췄지만, 맥쿼리가 제시한 6만 4000원과 비교하면 35%의 괴리율을 보인다.한편에서는 지난 9월 반도체 수출이 사상 최대치를 기록한 점을 들어 외국계 금융사의 우려가 과하다는 지적을 제기한다. 특히 반도체 수출은 11개월 연속 전년 동월 대비 증가세를 이어가고 있다.또한 아직 삼성전자를 긍정적으로 바라보는 글로벌 IB도 많다. 일본의 노무라 증권은 지난달 삼성전자의 목표가를 10만 4000원으로 봤고, 골드만삭스도 같은 달 ‘매수’ 의견을 제시하며 목표가를 9만 5000원으로 잡았다. 이민희 BNK투자증권 연구원은 “삼성전자 사업구조 자체가 모바일 쪽 의존도가 높고, 반도체(DS) 부문에 우려가 반영되고 있지만, 가격이 6만원대 수준이면 밸류에이션 상으로 저점 부근”이라고 강조했다. 김윤호 IBK투자증권 연구원도 “최근 주가는 실적 부진에 대한 우려를 지나치게 반영했다”고 판단했다.",0.0,0,부정,"[""'"", '5', '만', '전자', ""'"", '찍', '은', '삼성전자', ',', '국내외', '증권사', '평', '가', '엇갈리', '는', '이유', '는']"
2024-10-04 06:25:08,'5만전자' 쓴맛 본 삼성전자…한종희 부회장도 1억 날렸다,https://n.news.naver.com/mnews/article/421/0007823347?sid=101,"삼성전자, 1년 7개월 만에 장중 6만원선 하회임원 25명 9월 51억 원어치 주식 쇼핑…1억 원 넘는 평가손실도ⓒ News1 윤주희 디자이너(서울=뉴스1) 문혜원 기자 = 삼성전자(005930) 주가가 장중 5만원대로 내려가는 등 약세를 지속하고 있다. 최근 자사주를 사들인 임원도 손실을 피할 수 없게 됐다.4일 한국거래소에 따르면 지난 2일 삼성전자는 전 거래일 대비 200원(0.33%) 하락한 6만 1300원에 거래를 마쳤다.주가는 개장 직후 5만 9900원까지 밀리기도 했다. 장중 주가가 6만원을 하회한 것은 지난해 3월 16일 이후 약 1년 7개월 만에 처음이다.특히 외국인투자자가 지난달 3일부터 18거래일 연속으로 삼성전자를 내다 팔면서 주가를 끌어내렸다. 18거래일 동안 총 8조 8712억 원을 순매도했다.서울 서초구 삼성전자 서초사옥의 모습./뉴스1 ⓒ News1 신웅수 기자금융감독원 전자공시시스템(DART·다트)에 따르면 지난 9월 한 달 동안 삼성전자 임원 25명이 줄줄이 자사주 매입에 나선 것으로 나타났다. 임원 25명은 적게는 100주에서 많게는 1만 주까지 사들이며 총 51억 원의 자금을 쏟아부었다.이들 중 가장 큰 손실을 보고 있는 임원은 9월 자사주 매입 릴레이를 가장 먼저 시작한 한종희 삼성전자 대표이사 부회장 겸 디바이스경험(DX) 부문장이다. 한 부회장은 지난달 3일 자사주 1만 주를 주당 7만 3900원에 매입했다. 한 부회장이 9월에 사들인 매수분의 평가 손실은 1억 2400만 원에 육박한다.자사주를 가장 '저점'에 매수한 임원은 남석우 삼성전자 DS(반도체)부문 제조&기술 담당 사장이었다. 남 사장은 주당 6만 2300원에 자사주 2000주를 매수했다. 다만 주가가 연일 하락하면서 남 사장도 평가 손실을 피할 수 없게 됐다.통상 경영진이 자사주를 매입하면 주가가 저점이라는 인식이 확산되고 투자심리가 개선된다. 하지만 임원들의 '자사주 쇼핑'도 부정적인 업황 의견을 피해 갈 순 없었다.외국계 증권사 맥쿼리가 삼성전자 목표가를 12만 5000원에서 6만 4000원으로 반토막 낸 점이 결정적으로 투자심리를 얼어붙게 만드는 요인으로 작용했다. 맥쿼리는 투자의견도 '매수'에서 '중립'으로 낮춰 잡았다.맥쿼리는 최근 보고서를 통해 메모리 업황이 부진하면서 삼성전자 수익성이 악화할 것이라고 내다봤다. 특히 D램 등 메모리 공급 과잉으로 평균판매가격(ASP)이 하락 전환하고, 전방 산업의 수요마저 위축되면서 실적이 둔화할 것으로 판단했다.한지영 키움증권(039490) 연구원은 ""9월 30일 종가 기준으로 코스피의 12개월 영업이익 전망치는 9월 초 327조 원에서 319조 원으로 약 8조 원 급감했는데 이는 반도체(6조 6000억 원 감소) 등 주력 수출 업종들의 이익 전망 둔화에서 기인했다""며 ""다음 주 삼성전자부터 시작되는 3분기 실적발표 기간에 대한 자신감 부족을 유발하고 있는 실정""이라고 짚었다.증권가에선 삼성전자보다 SK하이닉스에 주목해야 한다는 의견도 나왔다.김대준 한국투자증권(030490) 연구원은 ""이익 측면에서 가장 주목받는 반도체 기업은 시가총액 1위 삼성전자와 2위 SK하이닉스인데 공교롭게도 삼성전자를 바라보는 시각은 부정적""이라며 ""고대역폭메모리(HBM) 재료를 보유한 SK하이닉스에 더 많은 관심을 둬야 한다""고 강조했다.서울 서초구 삼성전자 사옥 모습. /뉴스1 ⓒ News1 김성진 기자",0.0,0,부정,"[""'5만전자'"", '쓴맛', '보', 'ㄴ', '삼성전자…한종희', '부회장', '도', '1억', '날', '리었다']"
2024-10-04 05:31:14,파운드리 변곡점…삼성전자 '결단의 시간' 온다,https://n.news.naver.com/mnews/article/018/0005849912?sid=101,"[파운드리 변곡점, 기로에 선 삼성]더 공고해진 TSMC 파운드리 독주AI 활황에도…추격 답 못찾는 삼성""수율확보 못하면 전략수정 불가피""""분사는 어려워…조직문화 바꿔야""[이데일리 김정남 기자] 글로벌 파운드리업계에 변곡점이 오고 있다. 인공지능(AI) 반도체 활황이 지속하는 가운데 대만 TSMC의 점유율이 70%에 육박할 정도로 독주할 것이라는 관측이 나와서다. 수주 성과가 부진한 삼성전자는 이대로는 안 된다는, 특단의 조치가 필요하다는 분석이 나온다.3일 시장조사업체 트렌드포스에 따르면 내년 글로벌 파운드리 시장은 전년 대비 20.2% 성장할 것으로 추정된다. 지난해 14.1% 역성장의 충격을 딛고 올해 16.1% 올라온 뒤, 내년에는 성장세가 더 가팔라질 수 있다는 것이다. 클라우드 AI 인프라 확장 등이 그 동력이다. 반도체업계 한 고위인사는 “지난 2년간 (최선단 공정인) 3나노 공정이 확장 단계에 접어들었다”고 했다.(그래픽=김일환 기자)주목할 것은 업계 내부의 TSMC 독주 움직임이다. 트렌드포스는 내년 TSMC의 매출 점유율을 66%로 점쳤다. 2018년 당시 50%에서 큰 폭 뛴 수준이다. 내년이 TSMC와 비(非)TSMC 구도로 굳어지는 변곡점이 될 수 있는 셈이다. 실제 트렌드포스는 TSMC 외의 업체들을 묶어, 이들의 내년 성장률 전망치를 11.7%로 추정했다. TSMC까지 포함한 업계 평균의 절반에 불과하다. 이쯤이면 TSMC 독점 논란이 나올 법하지만 ‘큰 손’ 빅테크들은 TSMC 앞에 줄을 서 있다. 삼성전자 주가가 지난 2일 장중 ‘5만전자’(5만9900원)로 떨어진 것은 파운드리 부진과 직결돼 있다.결국 근본적인 해법은 ‘기술’, 즉 근원 경쟁력이라는 분석이 다수다. 김용석 가천대 반도체대학 석좌교수(반도체교육원장)는 “게이트올어라운드(GAA) 기술을 적용한 삼성 3나노 공정의 수율을 높이는 게 가장 중요한 과제”라며 “그래야 고객사 맞춤형 서비스가 가능하다”고 했다. 최선단 공정의 수율 확보가 어려우면 장기 전략 수정은 불가피하다는 뜻이다. 삼성전자(005930)는 당초 3나노 공정의 목표 수율을 60% 이상으로 잡았으나, 여전히 이에 못 미치는 것으로 알려졌다. 업계 다른 관계자는 “일각에서 나오는 파운드리는 분사는 현실적으로 쉽지 않다”며 “일단 삼성 주류인 메모리 중심의 조직문화를 바꿔야 한다”고 했다.업계에서는 그 연장선상에서 삼성전자가 오는 24일 일본, 중국, 유럽·중동·아프리카(EMEA) 지역에서 개최하는 ‘파운드리포럼 2024’에 이목이 쏠려 있다.",0.0,0,부정,"['파운드', '이', '리', '변곡점…삼성전자', ""'"", '결단', '의', '시간', ""'"", '오', 'ㄴ다']"
2024-10-04 05:09:09,"삼성전자, 모바일과 가전 통합 가속화.. 가전과 TV에도 One UI 적용",https://n.news.naver.com/mnews/article/009/0005374025?sid=101,"10주년 SDC2024 미국서 개최한종희 부회장 “B2B 솔루션 강화”3일(현지시간)  미국 산호세 맥에너리 컨벤션 센터에서 열린 ‘삼성 개발자 콘퍼런스 2024(이하 SDC2024)에서 한종희 삼성전자 DX부문장(대표이사 부회장)이 기조연설을 하고 있다. <사진=이덕주 기자>삼성전자의 모바일과 가전사업 통합이 가속화된다. 갤럭스 스마트폰에 적용되는 ‘One UI’가 스마트TV와 가전에도, 적용되고 삼성의 음성 인공지능(AI)인 빅스비도 스마트폰을 넘어 TV와 가전에도 사용된다.3일(현지시간) 삼성전자는 미국 산호세 맥에너리 컨벤션 센터에서 ‘삼성 개발자 콘퍼런스 2024(이하 SDC2024)를 개최했다.SDC는 삼성전자가 운영하는 소프트웨어·서비스·플랫폼 비전과 혁신을 개발자들과 공유하는 회사로 올해로 10주년을 맞이했다.이날 행사는 ‘모두를 위한 AI-10년의 개방적 혁신과 미래(AI for All-A Decade of Open Innovation and Beyond)’를 주제로 진행됐으며, 전세계 개발자·파트너 등 약 3000명이 참석했다.한종희 삼성전자 DX부문장(대표이사 부회장)은 기조연설을 통해 “지난 10년 동안 개발자∙파트너와 함께 노력했기에 혁신의 여정을 이어올 수 있었다”며 AI 시대에 경쟁력을 강화하고 동반 성장을 위한 개방적 협업을 강조했다.한 부회장은 AI 시대에 중요성이 더 커지고 있는 보안을 크게 강화하고, 개인화 경험을 고도화하고 가족 구성원을 케어하는 최신 AI 기술을 도입할 것이라고 밝혔다. 특히, 스마트싱스 프로 등 AI 기술을 활용한 B2B 사업 확대 의지도 밝혔다.삼성전자는 모바일과 가전을 통합한 서비스들을 공개했다. 내년부터 모바일 뿐만 아니라 TV, 가전 등 삼성전자 주요 제품군의 소프트웨어 경험 명칭이 ‘One UI’로 통합된다. 삼성전자는 연내 One UI 7을 업데이트하고 갤럭시 AI 기능을 확대할 예정이다.삼성전자는 가전 제품에도 음성 AI비서 ‘빅스비’의 기능을 확대한다. 7인치 스크린이 탑재된 제품에서 AI홈에 빅스비가 통합되면서 다양한 보이스 커맨드로 가전제품을 작동시킬 수 있다. 빅스비가 날씨도 말해주고, 냉장고 문을 열어준다. 빅스비에게 요청해 로봇청소기를 자동으로 작동시킬 수도 있다.빅스비는 스마트TV에도 통합된다. 볼륨을 조절하는 간단한 기능외에도 수면모드로 TV를 전환하거나, 제목이 기억나지 않는 영화를 찾아주기도 한다.갤럭시 스마트폰은 리모트 콘트롤 기능을 통해 집안의 모든 스크린을 컨트롤 할수 있게 된다.빅스비로 냉장고와 TV도 컨트롤3일(현지시간)  미국 산호세 맥에너리 컨벤션 센터에서 열린 ‘삼성 개발자 콘퍼런스 2024(이하 SDC2024)에서 한종희 삼성전자 DX부문장(대표이사 부회장)이 기조연설을 하고 있다. <사진=삼성전자>이외에도 삼성전자는 다양한 AI사용 케이스도 공개했다. TV를 인테리어용으로 사용할 경우 AI가 적당한 이미지를 생성해서 화면에 띄워준다. ‘데일리 보드(Daily Board)’ 기능은 사용자가 TV를 시청하지 않을 때도 스크린이 집안의 연결 기기 상태를 알려주고 에너지 사용량, 날씨, 메모 위젯 등 일상에 필요한 다양한 정보를 제공한다. 미국의 대표적인 지역 네트워크 서비스인 ‘넥스트 도어(NextDoor)’와 손을 잡고 내가 사는 지역의 정보까지 스마트TV에서 확인할 수 있다.삼성전자는 이날 스마트싱스가 10년 동안 3억 5000만명 이상의 가입자와 340개 이상의 WWST 인증 파트너업체를 보유하는 등 가장 큰 규모의 연결 플랫폼 중 하나로 성장했다고 밝혔다. 이날 이케아, 유튜브뮤직, 콜러 등과 협력이 발표됐으며, 삼성전자는 현대자동차, 테슬라, 애슐리, 경동나비엔 등과도 스마트싱스를 통해 협력하고 있다.삼성전자 지난 2021년 12월 소비자가전(CE), IT·모바일(IM) 등 2개 사업부문을 통합해 디지털경험(DX)부문을 출범시켰다. 소비자 전자제품 시장이 생태계간 경쟁으로 변화해가면서 삼성전자의 세트부문을 하나의 소프트웨어 생태계로 통합하는 것이다.[실리콘밸리=이덕주 특파원]",0.0,0,부정,"['삼성전자', ',', '모바일', '과', '가전', '통합', '가속화', '..', '가전', '과', 'TV', '에도', 'One', 'UI', '적용']"
2024-10-04 02:32:12,삼성전자 구형 갤럭시 업데이트 오류 반복,https://n.news.naver.com/mnews/article/005/0001728902?sid=101,"앱 업데이트하면 무한 재부팅4일 서비스센터서 무료 해결사진=연합뉴스삼성전자의 일부 모바일 기기에서 특정 애플리케이션(앱) 업데이트 중 재부팅이 반복되는 오류가 발생했다. 삼성전자는 이용자들이 서비스센터를 방문하면 무료로 문제를 해결할 수 있도록 할 방침이다.3일 삼성전자 공식 커뮤니티 삼성멤버스와 온라인 커뮤니티 등에 따르면 전날부터 일부 모바일 기기가 꺼졌다 켜지는 재부팅이 반복되는 현상이 나타난다는 게시글이 다수 올라왔다. 오류를 겪은 사용자들은 삼성전자의 가전제품 원격제어 앱 ‘스마트싱스’를 자동 업데이트하는 도중 부팅이 반복됐다고 했다.한 이용자는 “오후 3시쯤 갑자기 스마트폰이 재부팅되길래 예약 시간 오류인가 하고 놔뒀는데 그 뒤로 계속 재부팅됐다”면서 “바로 삼성 서비스센터에 가봤더니 메인보드가 나간 것 같다면서 수리비는 20만~30만원이며 데이터를 복구하지 못한다고 해서 센터에서 나왔다”고 전했다. 일부 사용자는 사진·파일 등 데이터를 잃었다고 주장했다.오류가 발생한 기종은 갤럭시 운영체제 ‘원(One) UI’ 6.1 미만 버전을 사용하는 갤럭시 S10 시리즈, 갤럭시 노트 10, 갤럭시 A90, A31 등이다. 해당 기종은 4.1 버전까지만 적용됐다. 5.0 버전이 적용된 일부 기종에서도 유사한 오류가 벌어진 것으로 알려졌다.삼성전자는 오류를 확인한 즉시 업데이트를 중단했다는 입장이다. 삼성전자 측은 “갤럭시 S10 시리즈 등 구형 OS가 탑재된 일부 기종에서 최신 스마트싱스를 업데이트하던 중 문제가 발생했다”며 “오류를 확인하자마자 업데이트를 바로 중단했으며 불편을 겪은 사용자들은 가까운 서비스센터에서 문제를 해결할 수 있다”고 안내했다. 4일부터 서비스센터를 방문하면 무료로 오류를 바로잡고 데이터 복구도 가능하다는 설명이다.앞서 삼성전자는 지난 4월에도 업데이트 문제를 일으켰다. 삼성전자는 지난 3월부터 진행된 ‘원 UI 6.1 소프트웨어’ 업데이트를 통해 구형 스마트폰 모델에도 갤럭시 인공지능(AI) 기능을 사용할 수 있도록 했다. 갤럭시 AI 보급 목표를 달성하기 위해서다. 그러나 갤럭시 S22 시리즈 기종에서 업데이트 이후 잠금화면이 풀리지 않는 오류가 발생해 이용자들이 스마트폰을 아예 사용하지 못하는 문제가 생겼다.삼성전자는 지난 5월 신규 패치를 통해 오류 현상을 해결했다고 공지했다. 이후 업데이트 오류 문제가 해결되는 듯 보였지만 6월에도 업데이트 진행 후 패턴 잠금 문제가 발생했다는 내용의 게시글이 등장하고 있다.",0.0,0,부정,"['삼성전자', '구형', '갤럭시', '업데이트', '오류', '반복']"
2024-10-04 02:00:10,"부정적 전망 잇따르는 삼성전자, 줍줍 타이밍인가",https://n.news.naver.com/mnews/article/053/0000046085?sid=101,"서울 서초구 삼성전자 서초사옥에 걸린 깃발이 바람에 휘날리고 있다. photo 뉴시스52주 '신저가'를 경신하며 한때 장중 5만 원대로 떨어진 삼성전자가 일부 국가에서 인력 감축 소식도 전해지면서 추가 하락이 이어질 수 있다는 전망도 나오고 있다.삼성전자는 지난 2일 전 거래일보다 200원(0.33%) 하락한 6만1300원에 마감했다. 개장 직후에는 5만9900원까지 내려가면서 '5만 전자'를 기록했는데, 이는 지난해 3월 16일 이후 약 1년 7개월 만이다.삼성전자의 주가 하락은 미국 반도체주의 부진과 중동 지역의 지정학적 위험 확대, 외국계 증권사 맥쿼리의 목표 주가 하향 조정 등 여러 요인이 복합적으로 작용한 것으로 풀이된다.특히 맥쿼리는 삼성전자의 투자 의견을 '매수'에서 '중립'으로 낮추고, 목표 주가를 12만 5000원에서 6만 4000원으로 대폭 하향 조정한 바 있다. 이는 메모리 시장의 다운 사이클 진입과 공급 과잉 때문에 삼성전자의 수익성 악화가 예상때문으로 풀이된다.고대역폭메모리(HBM) 시장에서 삼성전자가 엔비디아에 납품이 늦어지면서 주가 상승 모멘텀이 약해졌다는 평가도 이어졌다. 삼성전자의 2026년 HBM 매출액은 130억 달러로, 경쟁사 SK하이닉스(300억 달러)의 43% 수준에 그칠 것이라는 진단도 제시됐다. 이에 국내 증권가 역시 삼성전자의 3분기 실적이 부진할 것으로 전망하고 있다.한편, 삼성전자는 동남아시아와 호주, 뉴질랜드에서 수천 명의 직원을 해고할 계획이라는 소식이 전해지면서 추가 하락이 이어질 수 있다는 전망도 나오고 있다.1일(현지시각) 미국 블룸버그 통신에 따르면, 삼성전자는 이들 지역에서 인력의 약 10%에 해당하는 감원을 진행 중이며, 이미 일부 지역에서는 약 10%의 인력이 감축된 것으로 알려졌다.다만 삼성전자 측은 ""운영 효율성을 개선하기 위한 일상적인 인력 조정""이라고 밝히며, 특정 직책이나 구체적인 목표치는 설정하지 않았다고 선을 그은 상황이다.※주간조선 온라인",0.0,0,부정,"['부정적', '전망', '잇따르', '는', '삼성전자', ',', '줍줍', '타이밍', '인가']"
2024-10-04 00:05:13,‘위기설’ 삼성전자… 반도체 50주년 행사마저 백지화,https://n.news.naver.com/mnews/article/005/0001728859?sid=101,"반도체 행사 줄줄이 취소·축소대만 TSMC와 격차 더 벌어져“글로벌 빅테크 고객사 확보해야”세계 파운드리 시장에서 삼성전자와 TSMC의 격차가 점점 벌어지는 가운데 삼성전자의 파운드리(반도체 위탁생산) 위기설이 끊이지 않고 있다. 삼성전자가 올해 예정했던 반도체 관련 굵직한 행사를 연달아 백지화하거나 축소하는 데서도 이상 신호가 감지된다. 삼성전자가 수주 물량 확보에도 어려움을 겪고 있다는 소식이 전해지면서 이재용 삼성전자 회장이 목표로 내건 ‘2030년 시스템반도체 1위’ 달성에 회의적 시선이 나온다.3일 글로벌 시장조사업체 트렌드포스에 따르면 올해 2분기 기준 세계 파운드리 시장 점유율 1위는 TSMC(62.3%), 2위는 삼성전자(11.5%)다. 양사의 점유율 격차는 50.8%로 분기마다 커지고 있다. 2023년 4분기 49.9%였던 격차는 올해 1분기 50.7%까지 벌어졌다. 전문가들은 삼성전자가 이 격차를 메꾸고 순위를 역전하는 것은 사실상 불가능하다고 보고 있다. 이종환 상명대 시스템반도체공학과 교수는 “점유율 목표를 현실적인 수치인 20% 정도로만 설정하고 3위 기업을 완전히 따돌려야 한다”면서 “고대역폭 메모리(HBM)와 파운드리 양쪽 모두에서 글로벌 빅테크를 고객사로 확보하는 것이 관건”이라고 말했다.삼성전자가 반도체 관련 행사를 잇따라 취소 및 축소한 것도 위기설을 부추겼다. 삼성전자 DS부문은 오는 12월 예정됐던 ‘반도체 50주년’ 오프라인 행사 진행 계획을 최근 보류한 것으로 전해졌다.올해 초까지 평택·화성캠퍼스에서 임직원들과 파트너사, 협력사 등 관계자들이 참여하는 방향으로 추진했으나 전영현 부회장이 DS부문장으로 부임하면서 관련 준비가 중단된 것으로 알려졌다. 전 부회장은 부임 당시 삼성전자의 반도체 관련 기술력이 경쟁사 대비 떨어진다는 지적이 연이어 제기되자 내실을 다지는 것이 우선이라고 판단한 것으로 보인다.삼성전자는 독일 뮌헨과 일본 도쿄, 중국 베이징에서 오프라인으로 개최할 예정이었던 파운드리&SAFE 포럼 행사를 오는 24일 온라인으로만 여는 것으로 변경했다. 지난해 10월에는 뮌헨과 도쿄에서 오프라인 행사를 진행했던 것과 상반된다.삼성전자의 이런 행보는 파운드리 사업 부진이 지속하는 상황에서 비용을 절감하기 위한 것으로도 해석된다. 최근 삼성전자는 TSMC가 글로벌 빅테크의 인공지능(AI) 반도체 위탁생산 물량을 대부분 가져가면서 고객사 확보에 어려움을 겪고 있다.삼성전자는 지난 2022년 세계 최초로 3나노미터 공정 기반 양산에 성공했지만 수율 개선에 난항을 겪고 있다. 그동안 TSMC는 3나노미터 공정에서 안정적인 수율을 확보해 엔비디아와 애플 등 빅테크 기업들과 잇달아 계약을 맺었다. 업계 관계자는 “최근 삼성전자가 동남아시아, 호주, 뉴질랜드 등에서 인력의 약 10%를 해고하는 등 비용을 줄이려는 조치에 적극 나서고 있다”고 말했다.",0.0,0,부정,"['‘위기설’', '삼성전자…', '반도체', '50주년', '행사', '마저', '백지화']"
2024-10-03 21:20:14,"""갤럭시 폰 갑자기 왜 이래"" 불만 폭주…삼성전자 ""긴급 해결 중""",https://n.news.naver.com/mnews/article/025/0003390902?sid=105,2019년 출시된 갤럭시S10 5G의 실물 이미지. 사진 삼성전자삼성전자의 갤럭시 스마트폰 일부 구형 기종에서 단말기가 계속 꺼졌다 켜지는 ‘무한 재부팅’ 현상이 잇따르고 있다. 이에 삼성전자는 업데이트를 중단하고 긴급 해결 작업에 나섰다.3일 IT 업계 등에 따르면 삼성전자의 스마트싱스 앱을 업데이트한 갤럭시 구형 모델 이용자들이 무한 재부팅으로 인한 피해를 겪고 있다.삼성전자 홈페이지에 한 이용자가 공유한 갤럭시 오류 현상에 대한 삼성전자 측 안내문. 사진 삼성전자 홈페이지 캡처피해 이용자들이 올린 사례를 종합해 보면 전용 운영체제(OS)인 원UI 4.1 이하 버전이 적용된 갤럭시 S10 시리즈 전후의 모델에서 이런 현상이 생긴 것으로 보인다. 스마트싱스 앱 업데이트가 이뤄진 후 화면 멈춤 현상이 나타나고 재부팅 후에도 같은 현상이 되풀이 되는 식이다.이 기기를 사용 중인 이용자들은 가전제품이 연동된 스마트싱스 앱에서도 등록 단말 기기가 모두 사라지는 등의 불편을 겪기도 했다.수리를 위해 서비스센터를 찾은 일부 이용자들은 스마트폰 초기화 등 조치를 받았다. 다만 이 과정에서 일부 이용자들이 “내부의 사진·영상 등 데이터를 모두 잃어버렸다”며 불편을 호소하기도 했다.삼성전자는 이날 오후 공지를 내고 “갤럭시 S10 시리즈 등 과거 OS(안드로이드 12)가 탑재된 일부 스마트폰에서 스마트싱스 앱 최신 버전을 업데이트하는 도중 부팅이 반복되는 오류가 발생했다”며 “불편을 겪으신 고객 여러분들께 깊은 사과의 말씀을 드린다”고 밝혔다.이어 “해당 스마트싱스 앱의 문제를 인지한 즉시 업데이트를 중단했으며 현재 해결을 위한 작업을 긴급 진행 중”이라며 “불편을 겪으신 고객들께서는 가까운 삼성전자서비스센터를 방문하시면 문제 해결을 지원받으실 수 있다”고 안내했다.,0.0,0,부정,"['""', '갤럭시', '폰', '갑자기', '왜', '이렇', '어', '""', '불', '만', '폭주…삼성전자', '""', '긴급', '해결', '중', '""']"
2024-10-03 21:12:05,갤럭시S10 등 업데이트 뒤 ‘무한 부팅’ 현상…삼성전자 “복구 가능”,https://n.news.naver.com/mnews/article/056/0011811977?sid=101,"[앵커]삼성전자 스마트폰 갤럭시 일부 기종에서 단말기가 계속 자동으로 켜졌다 꺼지기가 반복되는 이른바 '무한 부팅' 문제가 발생했습니다.삼성전자는 소프트웨어 업데이트 과정에서 오류가 발생한 것으로 파악하고 있습니다.김혜주 기자가 보도합니다.[리포트]삼성 휴대전화 갤럭시 S10 플러스입니다.스마트폰과  TV 등 전자제품을 연결하는 '스마트싱스' 앱이 업데이트됐는데 문제가 생겼습니다.통신사 로고가 있는 화면이 계속 나오더니, 이내 첫 화면으로 돌아가 부팅이 무한 반복됩니다.이용자는  휴대전화가 켜지지 않아 전화와 문자는 물론 인터넷까지 어떤 기능도 사용할 수 없습니다.[갤럭시 휴대전화 이용자/음성변조 : ""(부팅이) 계속 반복되고 배터리가 없으면 혼자 아예 꺼지다가 발열도 끝나요. 지금 (다른 휴대전화에) 유심만 옮겨놨는데 아무것도 못 하고 있어요. 일정이랑 그런 게 (이전 휴대전화에) 다 나와 있는 거라서….""]이 같은 오류는 어제(2일)부터 갤럭시 S10 시리즈와  갤럭시 노트10 등에서 발생했습니다.삼성 휴대전화 운영체제 '안드로이드 12'가 적용된 구형 모델들입니다.삼성전자 공식 커뮤니티 등에는 이 같은 오류에 대한 불만 글이 다수 올라왔습니다.삼성전자는 안내문을 통해 ""구형 운영체제가 적용된 일부 기종에서 '스마트싱스' 최신 앱을 업데이트하던 도중  오류가 발생했다""고 밝혔습니다.또 ""문제를 인지한 즉시 업데이트를 중단했다며 가까운 서비스센터를 방문하면 데이터 복구가 가능하다""고 설명했습니다.하지만 휴일인 오늘(3일)은  서비스센터가 대부분 운영을 하지 않아, 이용자들 불편은 내일(4일)까지 이어지게 됐습니다.KBS 뉴스 김혜주입니다.영상편집:한찬의■ 제보하기▷ 전화 : 02-781-1234, 4444▷ 이메일 : kbs1234@kbs.co.kr▷ 카카오톡 : 'KBS제보' 검색, 채널 추가▷ 네이버, 유튜브에서 KBS뉴스를 구독해주세요!",0.0,0,부정,"['갤럭시S10', '등', '업데이트', '뒤', '‘무한', '부팅’', '현상…삼성전자', '“복구', '가능”']"
2024-10-03 19:21:13,"""갤럭시 폰 갑자기 왜 이래?"" 여기저기 난리났다…무슨 일",https://n.news.naver.com/mnews/article/015/0005040013?sid=105,"'무한 재부팅' 현상S10 등 구형기기에서 발생삼성 측 ""깊이 사과""사진 = 삼성전자 홈페이지삼성전자의 갤럭시 스마트폰 일부 구형 기종에서 단말기가 계속 꺼졌다 켜지는 '무한 재부팅' 현상이 나타났다. 피해 사례가 잇따르면서 삼성전자는 급히 업데이트를 중단하고 해결책 찾기에 나선 상태다.3일 정보기술(IT) 업계 등에 따르면 삼성전자의 스마트싱스 앱을 업데이트한 갤럭시 구형 모델 이용자들은 무한 재부팅 등 피해를 겪고 있다.피해 이용자들이 올린 사례를 종합해 유추하면 전용 운영체제(OS)인 원UI 4.1 이하 버전이 적용된 갤럭시 S10 시리즈 전후의 모델이 이 같은 피해를 겪는 것으로 보인다. 스마트싱스 앱 업데이트가 이뤄진 후 화면 멈춤 현상이 나타나고 재부팅 후에도 같은 현상이 되풀이 되는 것이다.이 기기를 사용 중인 이용자들은 가전제품이 연동된 스마트싱스 앱에서도 등록 단말 기기가 모두 사라지는 등의 불편도 겪었다.수리를 위해 서비스센터를 찾은 일부 이용자들은 스마트폰 초기화 등 조치를 받았지만, 이 과정에서 내부의 사진·영상 등 데이터를 모두 유실했다는 컴플레인도 발생하고 있다.삼성전자는 이날 오후 공지를 내고 ""갤럭시 S10 시리즈 등 과거 OS(안드로이드 12)가 탑재된 일부 스마트폰에서 스마트싱스 앱 최신 버전을 업데이트하는 도중 부팅이 반복되는 오류가 발생했다. 불편을 겪으신 고객 여러분께 깊은 사과의 말씀을 드린다""고 전했다.이어 ""해당 스마트싱스 앱의 문제를 인지한 즉시 업데이트를 중단했으며 현재 해결을 위한 작업을 긴급 진행 중으로 불편을 겪으신 고객들께서는 가까운 삼성전자서비스센터를 방문하시면 문제 해결을 지원받으실 수 있다""고 안내했다.",0.0,0,부정,"['""', '갤럭시', '폰', '갑자기', '왜', '이', '이', '래', '?""', '여기저기', '난리났다…무슨', '일']"
2024-10-03 18:43:09,"""이재용 회장이 직접 챙긴 '6G'""…삼성전자, 미래 먹거리 선점 박차",https://n.news.naver.com/mnews/article/031/0000873701?sid=101,"日 NTT 도코모와 차세대 통신 분야 협력…""통신·AI 융합 기술 연구""이재용 회장 올해 첫 경영 행보로 '6G' 선택…삼성, 초격차 리더십 확보 잰걸음""통신도 백신만큼 중요한 인프라로서 통신과 백신은 선제적으로 투자해야 아쉬울 때 유용하게 사용 할 수 있습니다.""이재용 삼성전자 회장이 지난 2021년 청와대에서 열린 기업인 간담회에서 6G 시장 선점에 대한 의지를 밝히며 한 말이다. 평소 선행 기술에 대한 중요성을 강조해 온 이 회장의 경영철학에 따라 삼성전자는 향후 네트워크사업의 주력 먹거리가 될 6G 분야에서 초격차 리더십 구축에 공들여왔다. 특히 세계 최초로 5G 통신기술을 상용화한 경험을 바탕으로 6G 분야에서도 최초의 역사를 쓰겠다는 목표다.이재용 삼성전자 회장이 지난 1월 서울 우면동 삼성리서치를 방문해 연구원들과 간담회를 가진 뒤 기념 사진을 촬영하고 있는 모습. [사진=삼성전자]2일 업계에 따르면 삼성전자는 최근 일본 최대 이동통신 사업자인 NTT 도코모와 차세대 통신 분야 인공지능(AI) 기술을 공동 연구하기 위한 업무협약(MOU)을 맺었다. 양사는 AI 기술이 확산하고 6G 통신 표준화가 본격적으로 진행됨에 따라 그간 축적해 온 기술력과 사업 노하우를 바탕으로 통신과 AI를 융합하는 기술을 연구할 계획이다. 특히 양사는 공동 연구를 통해 사용자의 통신 서비스 체감 성능과 사업자의 시스템 운영 효율이 향상될 것으로 기대하고 있다.현재 이동통신은 각 기지국이 담당하는 '셀(Cell)' 단계에서 통신 품질을 최적화하는데, 양사는 AI를 적용해 사용자 단계에서 더 촘촘하게 최적화할 수 있는 기술을 목표로 하고 있다. 가령 셀 간의 경계 지역이나 신호가 약한 지역을 통과하는 사용자를 선별해 통신 품질을 향상시키면 동영상 스트리밍 끊김 등의 불편을 방지하고 더욱 안정적인 통신서비스 운영이 가능해질 것이라는 설명이다.사토 다카아키 NTT 도코모 최고기술책임자(CTO)는 ""삼성전자와의 기술 협력은 통신 산업에서 AI 기반의 혁신을 앞당기고, 6G와 같은 미래 통신에 대한 공동 비전을 실현할 수 있을 것""이라고 말했다. 전경훈 삼성전자 디바이스경험(DX) 부문 CTO 겸 삼성리서치장(사장)은 ""NTT 도코모와의 공동 연구는 통신시스템을 위한 AI 기술 개발에 중요한 역할을 하게 될 것""이라며 ""양사의 앞선 기술력과 전문성을 결합해 차세대 통신 연구에서 시너지를 창출할 것""이라고 전했다.삼성전자가 NTT도코모에 공급한 5G 기지국 솔루션. [사진=삼성전자]삼성전자와 NTT 도코모는 오랜 기간 3GPP(이동통신 시스템 표준화를 위한 국제 협력 기구)에서 이동통신 기술 표준화 등을 위해 교류해 오고 있다. 특히 삼성전자는 지난 2021년 NTT 도코모와 5G 장비 공급계약 체결 이후 2022년에는 28GHz 초고주파 대역 지원하는 신형 5G 라디오 기지국을 공급한 바 있다.그간 삼성전자는 오는 2030년 전후로 본격적으로 상용화될 것으로 예상되는 6G시대를 준비하기 위해 2019년 5월 삼성리서치 산하에 차세대 통신연구센터를 설립해 6G 선행기술 연구를 진행하고 있으며, 2020년 7월에는 6G 백서를 발간해 차세대 6G 이동통신 비전을 제시한 바 있다. 또 2022년에는 '삼성 6G 포럼'을 개최해 국내 이동 통신 분야의 학계·업계 관계자들과 함께 미래 기술을 논의하고 공유했으며, 3GPP 업계 최다 의장석(의장 2석, 부의장 7석)을 확보해 국제 표준화를 주도하고 있다.아울러 올해 7월에는 삼성리서치 기술표준연구팀 최형진 연구원이 국제전기통신연합 전파통신 부문(ITU-R) 이동통신 표준화 회의(WP5D)에서 6G 표준화 기술조정 그룹 의장으로 선출돼 6G 표준 논의서 유리한 고지를 차지했으며, 특히 이재용 회장이 올해 초 첫 현장 경영 행보로 6G를 선택하는 등 그룹 차원에서도 미래 먹거리로써 의미가 더욱 커지고 있다.에버스 플로레스 삼성전자 유럽 네트워크 사업 총책임자(VP). [사진=삼성전자]이와 함께 최근에는 에버스 플로레스 전 에릭슨 네덜란드 최고경영책임자(CEO)를 유럽 지사 네트워크 사업 총책임자(VP)로 영입하는 등 인재 확보에도 공을 들이는 모습이다.에버스 유럽 네트워크 사업 담당은 약 8년 동안 에릭슨 네덜란드의 국가별 네트워크 사업을 주도한 인물이다. 2015년 입사해 5G·사물인터넷(IoT) 플랫폼 기반 네트워크·디지털 관리형 서비스 및 신흥 비즈니스를 담당했다. 에릭슨 네덜란드 이전에는 미국 네트워크 장비업체 시스코 시스템즈 영업 담당 임원으로 약 7년간 비디오 솔루션 시장 개발 및 영업 활동을 총괄하는 등 글로벌 네트워크를 갖추고 있다.이에 에버스 총괄 영입은 유럽 지역 네트워크 사업 강화를 위한 일환으로 풀이된다. 현재 유럽 지역은 차세대 통신장비 보급률이 한국과 미국 시장만큼 높지 않아 공급 수요가 살아있는 시장으로 꼽힌다. 특히 유럽연합(EU) 회원국 대부분이 보안 문제를 이유로 중국 화웨이와 ZTE의 통신 장비를 배제하는 법안은 마련하고 있어 삼성전자의 입장에선 '기회의 땅'이기도 하다.특히 지난달 주요 외신을 통해 불거진 삼성전자의 노키아 네트워크 사업부 인수설도 이 같은 흐름과 맞물린 것으로 풀이된다. 당시 해당 인수설에 대해 양측이 모두 부인하며 수그러들었지만, 연초부터 한종희 삼성전자 디바이스경험(DX)부문장 겸 부회장이 인수합병(M&A) 가능성에 대해 지속 언급해온 만큼 업계에선 단순한 해프닝으로 끝나지 않을 것이란 쪽에 무게를 두고 있다.실제 삼성전자가 노키아의 네트워크 사업부를 인수하면 단숨에 에릭슨을 누르고 업계 2위로 올라서는 효과를 얻을 수 있다. 또 유럽 통신사들이 노키아, 에릭슨의 장비를 선호하고 있는 점을 감안하면 향후 유럽 시장에서 화웨이에 맞서 통신장비에 대한 경쟁력을 유지하면서 장기적으로 6G 시장 주도권 경쟁에 선제적인 대응을 할 수 있을 전망이다.업계 한 관계자는 ""지난해 통신장비 업황이 악화되면서 삼성전자 네트워크 사업부의 매출이 큰 폭으로 감소했지만, 올해 들어 유럽에서 중국산 통신 장비 퇴출 움직임이 본격화되면서 중국 업체들을 대신할 공급처가 필요한 상황""이라며 ""그 동안 중국 업체들이 저렴한 가격을 앞세워 시장 점유율을 늘려온 만큼 글로벌 네트워크를 활용한 영업력과 마케팅 전략 역시 중요할 것으로 보인다""고 설명했다.한편 시장조사업체 마켓앤드마켓에 따르면 글로벌 6G 시장 규모는 지난해 51억달러(약 6조9569억)에서 오는 2030년 402억달러(약 54조8368억)로 성장할 전망이다. 이에 따라 미국, 일본, 유럽 등 세계 각국은 6G 기술 주도권 확보를 위한 국가적 프로젝트로 추진하고 있으며, 한국 정부도 작년말 6G 기술을 12대 국가전략기술로 선정하고 본격적으로 육성 중이다.",0.0,0,부정,"['""', '이재용', '회장', '이', '직접', '챙기', 'ㄴ', '\'6G\'""…삼성전자,', '미래', '먹거리', '선점', '박차']"
2024-10-03 18:00:15,"이재용 삼성전자 회장, 국내 주식재산 '1위'",https://n.news.naver.com/mnews/article/293/0000059009?sid=101,"/사진=게티이미지뱅크이재용 삼성전자 회장이 올 3분기 기준 국내 주식부자 랭킹 1위를 차지했다. 2위인 서정진 셀트리온 회장은 1위와의 주식평가액 격차를 20% 미만으로까지 빠르게 좁혔다.기업분석전문 한국CXO연구소는 3일 이같은 내용을 담은 '3분기 주요 그룹 총수 주식평가액 변동 조사' 결과를 발표했다. 해당 조사에 따르면 9월 말 기준 46개 그룹 총수 중 주식재산 '1조 클럽'에 이름을 올린 건 총 16명이다.이재용 회장이 13조7956억원 어치 주식재산을 보유하며 1위를 차지했다. 이 회장의 주식재산은 올해 초 14조8673억원에서 3월 말 16조5864억원으로 늘었다. 이후 6월 말 15조 7541억원으로 감소했고 9월 말에는 13조7956억원으로 줄었다. 삼성전자 3분기 주가가 6월 말 8만1500원에서 9월 말 6만원 초반대까지 하락한 게 결정적이었다.서정진 셀트리온 회장은 이 회장에 이어 주식재산 2위에 올랐다. 서 회장이 보유한 셀트리온 주식은 3분기에만 12.1% 상승했다. 이로써 6월 말 10조837억원이던 서 회장의 주식재산은 9월 말 11조3044억원으로 3개월 새 1조2200억원 이상 늘었다.올해 초부터 이 회장과 서 회장의 분기별 주식재산은 30% 넘는 격차를 보여왔다. 1분기 때 이 회장이 16조원대 주식재산을 기록할 때 서 회장은 11조원대로 두 총수의 주식평가액은 약 33.3% 차이가 났다. 2분기 때는 36%까지 주식재산 격차가 더 커졌다. 그러다 3분기 들어오면서 18.1%까지 좁혀졌다. 오일선 한국CXO연구소 소장은 ""서 회장이 이 회장의 주식재산 1위 자리를 탈환하기에는 시기상조""라면서도 ""30% 넘게 벌어졌던 것이 10%대까지 격차가 줄어진 점은 앞으로 관심있게 지켜볼 대목""이라고 분석했다./자료=한국CXO연구소정의선 현대차 회장은 2분기에 이어 3분기에도 순위를 유지했다. 정 회장의 주식재산은 6월 말 4조6618억원으로, 그룹 총수 중에서는 처음으로 주식재산 3위 자리에 올랐다. 9월 말에는 4조3258억원으로 3개월 만에 7% 가량 하락했지만, 그룹 총수 주식재산 3위를 방어하는 데 성공했다. 4위인 김범수 카카오 의장의 주식재산은 올 1월 초 6조원대, 3월 말 5조원대, 6월 말 4조원대로 매 분기마다 눈에 띄게 주식재산 감소 속도가 빨랐다.5위부터 10위권에는 △5위 장병규 크래프톤 의장(2조 6964억원) △6위 이동채 에코프로 전(前) 회장(2조2215억원) △7위 방시혁 하이브 의장(2조2199억원) △8위 서경배 아모레퍼시픽 회장(2조1994억원) △9위 최태원 SK 회장(1조9915억원) △10위 구광모 LG 회장(1조9851억원) 순으로 이름을 올렸다. 이외에도 △11위 정몽준 HD현대 아산재단 이사장(1조6073억원) △12위 김남정 동원 회장(1조5991억원) △13위 이재현 CJ 회장(1조5103억원) △14위 조현준 효성 회장(1조3165억원) △15위 방준혁 넷마블 의장(1조2334억원) △16위 이해진 네이버 GIO(1조383억원)도 주식재산 1조 클럽에 합류했다.총수는 아니지만 홍라희 전 리움미술관장, 이부진 호텔신라 사장, 이서현 삼성물산 사장 등 삼성 오너일가도 주식재산 5조원을 넘겼다. 홍 전 관장과 이부진 사장의 주식재산은 각각 6조2589억원, 5조4583억원으로 집계됐다. 이서현 사장의 경우 6월 말 주식재산이 5조8000억원을 넘어섰지만, 9월 말에는 주식평가액이 4조8848억원으로 떨어졌다.",0.0,0,부정,"['이재용', '삼성전자', '회장', ',', '국내', '주식재산', ""'"", '1위', ""'""]"
2024-10-03 16:24:13,"'무한 재부팅' 구형 갤럭시 오류 발생…삼성전자 ""해결 작업 중""",https://n.news.naver.com/mnews/article/011/0004398938?sid=105,"S10 등 구형기기 이용자들스마트싱스 앱 업뎃 후 피해삼성 ""깊이 사과···즉시 업뎃 중단""[서울경제]삼성전자(005930)의 갤럭시 스마트폰 일부 구형 기종에서 단말기가 계속 꺼졌다 켜지는 ‘무한 재부팅’ 현상이 나타났다. 피해 사례가 잇따르면서 삼성전자는 급히 업데이트를 중단하고 해결책 찾기에 나섰다.3일 정보기술(IT) 업계 등에 따르면 삼성전자의 스마트싱스 앱을 업데이트한 갤럭시 구형 모델 이용자들은 무한 재부팅 등 피해를 겪고 있다.피해 이용자들이 올린 사례를 종합해 유추하면 전용 운영체제(OS)인 원UI 4.1 이하 버전이 적용된 갤럭시 S10 시리즈 전후의 모델이 이 같은 피해를 겪는 것으로 보인다. 스마트싱스 앱 업데이트가 이뤄진 후 화면 멈춤현상이 나타나고 재부팅 후에도 같은 현상이 되풀이 되는 식이다.이 기기를 사용 중인 이용자들은 가전제품이 연동된 스마트싱스 앱에서도 등록 단말 기기가 모두 사라지는 등의 불편도 겪은 것으로 알려졌다.수리를 위해 서비스센터를 찾은 일부 이용자들은 스마트폰 초기화 등 조치를 받았지만 이 과정에서 내부의 사진·영상 등 데이터를 모두 유실했다며 불편을 호소하기도 했다.삼성전자는 이날 오후 공지를 내고 “갤럭시 S10 시리즈 등 과거 OS(안드로이드 12)가 탑재된 일부 스마트폰에서 스마트싱스 앱 최신 버전을 업데이트하는 도중 부팅이 반복되는 오류가 발생했다”며 “불편을 겪으신 고객 여러분들께 깊은 사과의 말씀을 드린다”고 전했다.이어 “해당 스마트싱스 앱의 문제를 인지한 즉시 업데이트를 중단했으며 현재 해결을 위한 작업을 긴급 진행 중”이라며 “불편을 겪으신 고객들께서는 가까운 삼성전자서비스센터를 방문하시면 문제 해결을 지원받으실 수 있다”고 안내했다.",0.0,0,부정,"[""'"", '무한', ""재부팅'"", '구형', '갤럭시', '오류', '발생…삼성전자', '""', '해결', '작업', '중', '""']"
2024-10-03 16:01:29,"삼성·LG전자, 3분기 실적 엇갈릴 듯",https://n.news.naver.com/mnews/article/030/0003244567?sid=105,"3분기 잠정실적 발표를 앞둔 삼성전자와 LG전자의 표정이 엇갈릴 전망이다. 삼성전자는 핵심사업인 반도체에서 기대 이하 성적에 그칠 것으로 보인다. LG전자는 분기 영업이익 1조원대 기조를 유지하면서 일부 사업부문에서 매출과 이익이 소폭 성장하는 성과를 내놓을 전망이다.삼성전자와 LG전자는 8일 각각 3분기 잠정실적을 공시할 예정이다.삼성전자삼성전자는 HBM을 제외한 D램 수요와 평균판매가격(ASP) 상승이 시장 기대치를 하회했고 파운드리와 시스템LSI 사업 적자가 지속된 것으로 추정된다. 3분기 메모리 영업이익이 전 분기 6조8000억원에서 5조원대로 감소할 전망이다. 적자인 파운드리와 시스템LSI는 적자폭이 커진 것으로 전망된다.2분기 디바이스솔루션(DS) 부문에서 시장 예상치를 훌쩍 뛰어넘은 어닝서프라이즈를 기록, 하반기 본격적 반등과 영업이익 상승을 기대했으나 실제 성적은 전 분기보다 소폭 상승하는 데 그칠 전망이다.증권가의 3분기 삼성전자 실적 컨센서스는 매출 81조원, 영업이익 11조원이다. 일부는 영업이익 예상치를 10조원 초반까지 낮췄다.2분기 실적 성장에 긍정적 영향을 끼쳤던 삼성디스플레이의 모바일 OLED 패널 사업의 부진과 스마트폰 비수기 진입도 3분기 이익 상승 발목을 잡은 것으로 추정된다. 생활가전과 영상디스플레이 사업은 전년 동기와 유사하거나 소폭 성장이 예상된다.LG전자는 전년 동기 대비 매출이 소폭 늘고, 분기 영업이익도 1조원대를 유지할 전망이다.LG전자 3분기 증권가 컨센서스는 매출 21조9000억원, 영업이익 1조260억원이다. 매출은 전 분기보다 약 2000억원 가량 증가하지만, 영업이익은 1000억원 가량 감소한 수치다.기업간거래(B2B) 사업 비중이 커지면서 일부 사업 부문에서 다시 최대 실적 기록을 새롭게 쓰는 게 가능할 것으로 보인다.3분기 올림픽 특수 효과로 TV 사업을 담당하는 홈엔터테인먼트(HE) 부문 매출과 이익이 전년 동기보다 소폭 성장한 것으로 추정된다.전장(VS)사업 성장과 비즈니스솔루션(BS) 부문의 소폭 분기 흑자전환도 기대해볼 만하다는 전망이다.·삼성전자 · LG전자, 2024년 3분기 증권가 컨센서스 - 삼성전자 · LG전자, 2024년 3분기 증권가 컨센서스",0.0,0,부정,"['삼성·LG전자,', '3분기', '실적', '엇갈리', 'ㄹ', '듯']"
2024-10-03 10:40:17,"""삼성전자만 믿었는데""...8조 몰빵한 개미들 '충격'",https://n.news.naver.com/mnews/article/050/0000080442?sid=101,"개인투자자, 올해 3분기 삼성전자 약 8조 매수해당 기간 삼성전자 수익률 –24.5%외인들은 삼성바이오로직스 대거 사들여삼바 주가, 3분기 약 34% 올라 대조적지난 9월 26일 오후 서울 여의도 한국거래소에 삼성전자 종가가 6만4700원을 나타내고 있다.  사진=한국경제신문올해 3분기 한국 증시에서 외국인 투자자들은 선방한 반면 개인 투자자들은 저조한 수익률을 기록한 것으로 나타났다.한국거래소에 따르면 올해 3분기(7∼9월) 개인 투자자들이 국내 증시에서 가장 많이 순매수한 종목은 삼성전자로 7조8190억원 순매수했다.2위는 SK하이닉스로 2조6580억원을 담았으며, 기아도 5700억원 순매수하며 3번째로 많이 산 종목에 이름을 올렸다.이외에도 현대차(4840억원), 유한양행(2810억원), LG화학(2750억원), 한미반도체(1990억원) 등이 개인투자자들이 많이 사들인 종목으로 꼽혔다.한국거래소 조사 결과 이들 10개 종목 주가는 평균 9% 하락한 것으로 집계됐다. 3분기 코스피가 인공지능 수익성 우려, 미국 경기 침체 우려 등에 7% 하락했는데 개인 투자자들의 수익률은 더욱 저조했다.10개 종목 중 7개 종목이 내렸으며 이수페타시스(-37.7%), 한미반도체(-37.1%), SK하이닉스(-26.2%), 삼성전자(-24.5%) 등 순으로 하락률이 컸다.인공지능(AI) 수요 둔화에 따른 실적 악화 우려로 투자심리가 위축된 반도체주가 대거 주가 하락률 상위 명단에 이름을 올렸다.반면 외국인들이 많이 순매수한 10개 종목은 주가가 평균 13.9% 상승한 것으로 나타났다.외국인들이 3분기 가장 많이 담은 종목은 삼성바이오로직스였다. 9360억원 순매수했다. 해당 종목 주가는 3분기 들어 34.4% 상승했다.이어 LG전자(4420억원), 알테오젠(3670억원), 삼성중공업(3530억원), 크래프톤(3230억원), LG에너지솔루션(2710억원) 등이 뒤를 이었다.외국인 순매수 상위 종목에는 금리 인하 수혜가 기대되는 바이오주를 비롯해 이차전지주, 게임주 등이 다수 포진했다.",0.0,0,부정,"['""', '삼성전자', '만', '믿', '었는데', '""', '...', '8조', '몰빵한', '개미들', ""'"", '충격', ""'""]"
2024-10-03 09:58:10,"삼성전자, 갤럭시 탭 S10 시리즈 국내 출시…AI 지원",https://n.news.naver.com/mnews/article/079/0003944148?sid=105,"대만 미디어텍 최신칩 탑재PDF 번역 등 AI 기능 지원삼성전자 갤럭시 탭 S10 시리즈 국내 출시. 삼성전자 제공삼성전자가 갤럭시 모바일 제품 최초로 대만 미디어텍의 애플리케이션프로세서(AP·두뇌칩)를 탑재한 태블릿PC '갤럭시탭S10' 시리즈를 4일 국내 출시한다고 3일 밝혔다.가격은 사양에 따라 '갤럭시탭S10'이 124만 8500원, '갤럭시탭S10 울트라'가 159만 8300원부터다. 각각 12.4인치와 14.6인치의 화면 크기를 가졌다. 갤럭시탭 최초로 디스플레이에 반사 방지 코팅을 적용했다. S펜이 기본 제공되며 색상은 문스톤 그레이와 플래티넘 실버가 있다.신제품은 삼성전자의 생성형 인공지능(AI) 기능 '갤럭시 AI'를 지원한다. PDF 문서까지 번역하는 '노트 어시스트'를 포함해 간단한 이미지 검색 기능인 '서클 투 서치', S펜으로 그린 그림을 정교한 이미지로 바꿔주는 '스케치 변환', AI 기반 '대화 선명하게 듣기' 등이 있다.삼성전자는 이같은 AI 지원을 위해 미디어텍의 '디멘시티9300플러스'를 AP로 탑재했다. 갤럭시탭에 주로 탑재돼온 퀄컴 '스냅드래곤' 시리즈 중 스마트폰 '갤럭시S24' 등에도 들어간 '스냅드래곤8 3세대'와 동급으로 여겨진다. 비용은 더 저렴한 것으로 알려졌다. 삼성전자가 반도체 원가 상승으로 늘어난 비용 부담을 줄이기 위해 퀄컴 의존도를 낮추고 AP 수급을 다각화하려는 것으로 풀이된다.삼성전자는 구매자가 보유 중인 기존 태블릿을 반납하면 최고 123만 원을 보상해주는 '갤럭시 바꿔보상'을 다음달 말까지 진행한다. 또 이 기간 구매자는 모아진 6개월 국내∙해외 디지털 매거진 구독권, 한컴독스 1년 이용권, 예스24 크레마클럽 90일 이용권, 클립스튜디오 페인트 6개월 이용권, 삼성에듀 1년 이용권 등 다양한 구매 혜택을 제공한다.삼성전자는 여행용품 브랜드 로우로우와 협업해 제작한 전용 태블릿 파우치를 5천원에 판매하는 이벤트를 선착순 2만 명에게 제공한다. 17일까지 제품을 구매한 사람에게는 파손 보상∙수리비 즉시 할인 혜택의 '삼성케어플러스 파손보장형' 12개월 이용권을 제공한다. 또 갤럭시탭S10 울트라 512GB와 1TB 제품을 구매한 선착순 1만 명에게는 20만 원 상당의 '로우로우 여행용 캐리어'를 준다.※CBS노컷뉴스는 여러분의 제보로 함께 세상을 바꿉니다. 각종 비리와 부당대우, 사건사고와 미담 등 모든 얘깃거리를 알려주세요.이메일 :jebo@cbs.co.kr카카오톡 :@노컷뉴스사이트 :https://url.kr/b71afn",0.0,0,부정,"['삼성전자', ',', '갤럭시', '탭', 'S10', '시리즈', '국내', '출시…AI', '지원']"
2024-10-03 09:47:32,"삼성전자, 'AI 태블릿' 갤럭시 탭 S10 시리즈 국내 출시",https://n.news.naver.com/mnews/article/055/0001194694?sid=101,"▲ 삼성전자 갤럭시 탭 S10 시리즈 국내 출시삼성전자는 프리미엄 인공지능(AI) 태블릿 신제품 '갤럭시 탭 S10 울트라'와 '갤럭시 탭 S10+'를 내일(4일) 출시한다고 밝혔습니다.S10 울트라와 S10+ 스크린 크기는 각각 369.9㎜(14.6형), 315.0㎜(12.4형)이며 색상은 문스톤 그레이와 플래티넘 실버 두 가지입니다.가격은 세부 사양에 따라 다른데, S10 울트라는 159만 8,000원에서 240만 6,800원, S10+는 124만 8,500원에서 163만 7,900원입니다.와이파이 지원 모델과 5세대 이동통신(5G) 지원 모델로 각각 출시되며 S펜이 기본 제공됩니다.갤럭시 탭 S10 시리즈에는 다이내믹 아몰레드 2X 디스플레이, 미디어텍 디멘시티9300+ 프로세서가 탑재됐습니다.대화면에 최적화한 갤럭시 인공지능(AI)과 스마트싱스 '3D 맵 뷰' 등을 적용했습니다.삼성전자는 다음 달 30일까지 시리즈 구매 시 보유 중인 중고 태블릿을 반납하면 최대 123만 원의 보상 혜택을 제공합니다.(사진=삼성전자 제공, 연합뉴스)",0.0,0,부정,"['삼성전자', ',', ""'"", 'AI', ""태블릿'"", '갤럭시', '탭', 'S10', '시리즈', '국내', '출시']"
2024-10-03 09:33:07,"삼성전자, '갤럭시 탭 S10 시리즈' 국내 출시",https://n.news.naver.com/mnews/article/421/0007821977?sid=101,(서울=뉴스1) 송원영 기자 = 삼성전자가 3일 강력한 성능과 차별화된 '갤럭시 AI' 기능을 갖춘 '갤럭시 탭 S10 울트라'와 '갤럭시 탭 S10+'를 4일 국내 출시한다고 밝혔다.사진은 삼성전자 모델들이 삼성스토어 서초에서 '갤럭시 탭 S10 시리즈'를 소개하는 모습. (삼성전자 제공) 2024.10.3/뉴스1,0.0,0,부정,"['삼성전자', ',', ""'"", '갤럭시', '탭', 'S10', '시리즈', ""'"", '국내', '출시']"
2024-10-03 09:21:15,"삼성전자, 갤럭시 탭 S10 시리즈 국내 출시…124만8500원부터",https://n.news.naver.com/mnews/article/001/0014962180?sid=105,"삼성전자 갤럭시 탭 S10 시리즈 국내 출시[삼성전자 제공. 재판매 및 DB 금지](서울=연합뉴스) 조승한 기자 = 삼성전자는 프리미엄 인공지능(AI) 태블릿 신제품 '갤럭시 탭 S10 울트라'와 '갤럭시 탭 S10+'를 4일 출시한다고 3일 밝혔다.S10 울트라와 S10+ 스크린 크기는 각각 369.9㎜(14.6형), 315.0㎜(12.4형)이며 색상은 문스톤 그레이와 플래티넘 실버 두 가지다.가격은 세부 사양에 따라 다르며 S10 울트라는 159만8천원에서 240만6천800원, S10+는 124만8천500원~163만7천900원이다.와이파이 지원 모델과 5세대 이동통신(5G) 지원 모델로 각각 출시되며 S펜이 기본 제공된다.갤럭시 탭 S10 시리즈에는 다이내믹 아몰레드 2X 디스플레이, 미디어텍 디멘시티9300+ 프로세서가 탑재됐다.또 대화면에 최적화한 갤럭시 인공지능(AI)과 스마트싱스 '3D 맵 뷰' 등을 적용했다.시리즈는 삼성닷컴과 온라인 오픈마켓, 전국 삼성 스토어와 전자제품 매장에서 구매할 수 있다.삼성전자는 내달 30일까지 시리즈 구매 시 보유 중인 중고 태블릿을 반납하면 최대 123만원의 보상 혜택을 제공한다.또 내달 30일까지 구매 고객에게 매거진 스트리밍 서비스 모아진 6개월 국내·해외 디지털 구독권, 한컴독스 1년 이용권 등 다양한 혜택을 제공한다.여행용품 브랜드 '로우로우'와 협업해 만든 전용 태블릿 파우치도 선착순 2만 개 한정으로 판매하며 액세서리와 S펜 관련 제품도 최대 71% 할인가에 제공한다.17일까지 제품을 구매하면 파손 보상·수리비를 할인해주는 '삼성케어플러스 파손보장형' 12개월 이용권을 준다.울트라 512기가바이트(GB)와 1테라바이트(TB) 모델 구매 선착순 1만명에게는 로우로우 여행용 캐리어를 준다.삼성전자 관계자는 ""대화면에 최적화된 '갤럭시 AI'를 탑재한 갤럭시 탭 S10 시리즈는 학생부터 직장인까지 다양한 사용자에게 한 차원 높은 생산성과 효율성을 제공할 것""이라며 ""바꿔보상 프로그램을 통해 합리적인 가격으로 시리즈를 만나보고 풍성한 구매 혜택도 누리시길 바란다""고 말했다.shjo@yna.co.kr",0.0,0,부정,"['삼성전자', ',', '갤럭시', '탭', 'S10', '시리즈', '국내', '출시…124만8500원', '부터']"
2024-10-03 09:00:00,"""5만전자에 놀란 개미들""…삼전 반등 모색할까",https://n.news.naver.com/mnews/article/003/0012817473?sid=101,"삼성전자, 1년8개월 만에 장중 '5만전자'비관론 확산에도 3Q 반도체 수출 '분기 최대'증권가 ""밸류에이션 대비 현 주가 하락 과도""[서울=뉴시스] 이영환 기자 = 31일 오전 서울 서초구 삼성전자 서초사옥이 보이고 있다.삼성전자는 이날 올해 2분기(4~6월) 연결 기준 매출 74조683억원, 영업이익 10조4439억원을 올렸다고 밝혔다. 반도체 사업을 맡고 있는 DS(디바이스솔루션)부문의 매출은 28조5600억원, 영업이익은 6조4500억원, 모바일과 생활가전 등 사업을 하는 디바이스솔루션(DX)부문은 매출 42조700억원, 영업이익 2조7200억원으로 집계됐다. 2024.07.31. 20hwan@newsis.com[서울=뉴시스] 배요한 기자 = 삼성전자가 외국인과 기관투자자의 매도 공세에 연일 52주 신저가를 갈아치웠다. 장중 삼성전자는 6만원이 붕괴되면서 1년8개월 만에 '5만전자'까지 추락하는 수모를 겪었다. 저가라고 생각해 반등을 노리고 삼성전자 주식을 폭풍 매수한 개인투자자들은 '6만전자'가 지켜지는데 만족해야만 했다.3분기 반도체 수출이 사상 최고치(분기 기준)를 기록하면서 반도체 업황에 대한 우호적인 흐름이 나타나고 있지만, 외국계 증권사들의 주도한 삼성전자 비관론은 걷잡을 수 없이 확산되며 우려는 쉽게 사그라들지 않고 있다.다만 일각에선 삼성전자의 주가 하락이 밸류에이션(기업가치) 대비 과도한 상태에 놓여 있어 매수 기회로 봐야한다는 의견도 존재한다.3일 한국거래소에 따르면 전날 삼성전자는 전 거래일 대비 200원(0.33%) 하락한 6만1300원에 거래를 마감했다. 이날 하락세로 출발한 삼성전자는 장 초반 5만9900원까지 밀리며 주가가 6만원을 밑돌기도 했다. '6만전자'가 붕괴된 것은 지난해 3월16일 이후 1년8개월 만이다.삼성전자에서 외국인과 기관은 각각 1127억원, 1543억원 규모의 순매도에 나서면서 주가에 하방 압력을 가했다. 외국인은 18거래일 연속 삼성전자 주식에 대해 '팔자' 공세를 이어가며, 이 기간 동안에만 무려 8조8712억원을 팔아치웠다.삼성전자의 본격적인 주가 하락은 투자은행(IB) 모건스탠리로부터 촉발됐다. 추석 기간인 지난달 15일 모건스탠리는 '겨울이 다가온다(Winter Looms)'와 '메모리, 겨울은 항상 마지막에 웃는다(Winter always laughs last)' 보고서를 연달아 발표하면서 메모리 반도체에 대한 비관론에 불을 지폈다. 모건스탠리는 삼성전자의 목표주가를 기존 10만5000원에서 7만6000원으로 27.6% 내려잡았다.모건스탠리는 ""메모리 반도체가 하강 국면에 진입했고, 내년부터 D램 업황이 꺾일 것""이라며 ""특히 삼성전자의 엔비디아 공급망 진입으로 5세대 HBM3E(고대역폭메모리) 시장이 공급과잉이 발생할 것""이라는 의견을 냈다.이와 함께 외국계 증권사 맥쿼리도 2일 삼성전자에 대해 D램 등 메모리 반도체 공급 과잉이 발생해 평균판매가격(ASP)이 하락하면서 전방 산업의 수요가 위축될 것이라며 목표주가를 기존 12만5000원에서 6만4000원으로 48.8% 하향 조정했다.외국계를 중심으로 비관론이 확산하는 가운데 저가 매수에 나섰던 개인들도 삼성전자의 주가가 저점을 뚫고 내려가면서 회의론이  커지는 모양새다. 종목토론실에는 삼성전자의 주가 하락에 대한 주주들의 볼멘소리가 터져 나오고 있다.이같은 분위기와는 다르게 최근 발표된 반도체 9월 수출 규모는 분기 기준 사상 최고치를 기록한 것으로 나타나 반도체에 대한 비관론이 수그러들지 관심이 쏠린다.산업통상자원부가 발표한 '9월 수출입 동향'에 따르면 3분기 반도체 수출액은 전년 동기 대비 41.4% 증가한 366억8000만 달러를 기록해 분기 기준 사상 최대실적을 기록한 것으로 집계됐다. 특히 직전월인 9월에도 반도체 수출은 전년 동월 대비 37.1% 증가한 136억2000만 달러를 달성하며, 3개월 만에 사상 최대치를 넘어섰고 11개월 연속 증가세를 이어갔다.업계 관계자는 ""신규 스마트폰 출시와 인공지능(AI) 서버 신규투자, 일반 서버 교체 수요 등의 요인으로 메모리를 중심으로 견조한 수요가 이어지고 있다""며 ""여기에 D램 고정가와 낸드 고정가가 지난해 동기보다 각각 31%, 14% 높아진 점이 반도체 수출을 끌어올렸다""고 설명했다.전문가들은 신규 데이터 센터와 대규모 서버 증설에 힘입어 반도체의 실적 우상향 추세가 유지될 것으로 전망했다. 삼성전자의 경우 고대역폭메모리(HBM) 시장에서 성과가 확인될 경우 주가에 반등 요소로 작용할 수 있다는 분석이 나온다. 특히  밸류에이션 대비 현 주가 하락이 과도하다는 시각이 많다.박유악 키움증권 연구원은 ""삼성전자의 현재 주가 수준에서는 'HBM3e(5세대 HBM)의 엔비디아 양산 퀄테스트 완료'와 'D램 업황 양호'라는 안도감만으로도 충분한 수준의 반등이 나타날 수 있다""고 진단했다.또 ""현재 삼성전자의 12개월 PER(주가순자산비율)은 1.1배로 금융위기(2008년)와 중국 및 인텔의 메모리 시장 진입(2015년), 코로나19 경제 위기(2020년), 영업적자 우려(2022년)가 있었던 시기의 최하단 수준에 위치해 있다""고 분석했다.김현태 신한투자증권 연구원은 ""서버 수요의 강세로 모바일·PC 메모리의 단기 수요 둔화가 ASP에 미치는 영향은 우려 대비 제한적 수준에 그칠 것""이라며 ""경쟁사 대비 차별화된 수익성(D램 영업이익률 46%·낸드 영업이익률 18%) 지속이 기대된다""고 분석했다.또 ""HBM3E 12단 양산은 경쟁사 대비 1개 분기 이상 빠른 상황""이라며 ""시장 선점으로 경쟁 우위가 지속될 것으로 기대되며, 단기 우려가 대부분 반영된 현 주가(2025년 PBR 1.3배)는 매수 기회""라고 판단했다.한편 한국거래소에 따르면 2일 기준 삼성전자의 PBR은 1.18배로 지난달 2일(1.43배) 대비 크게 하락한 상태다．",0.0,0,부정,"['""5만전자', '에', '놀라', 'ㄴ', '개미들""…삼전', '반등', '모색', '하', 'ㄹ까']"
2024-10-03 08:33:11,"삼성전자, '갤럭시 탭 S10 시리즈' 국내 출시.. 124만원부터",https://n.news.naver.com/mnews/article/014/0005248587?sid=105,"삼성전자 모델들이 삼성스토어 서초에서 '갤럭시 탭 S10 시리즈'를 소개하고 있다. 삼성전자 제공삼성전자가 '갤럭시 AI' 기능을 갖춘 '갤럭시 탭 S10 울트라'와 '갤럭시 탭 S10+'를 4일 국내 출시한다고 3일 밝혔다.'갤럭시 탭 S10 울트라'와 '갤럭시 탭 S10+'의 스크린 크기는 각각 369.9㎜(14.6형), 315.0㎜(12.4형)이며 색상은 문스톤 그레이, 플래티넘 실버 두 가지다. '갤럭시 탭 S10 시리즈'는 Wi-Fi 지원 모델과 5G 지원 모델로 각각 출시된다. '갤럭시 탭 S10 울트라'는 159만8300~240만6800원, '갤럭시 탭 S10+'는 124만8500~163만7900원이다. 삼성닷컴과 온라인 오픈마켓, 전국 삼성 스토어와 전자제품 매장 등에서 살 수 있다.'갤럭시 탭 S10 시리즈'는 다이나믹 유기발광다이오드(AMOLED) 2X 화면에 미디어텍 디멘시티 9300+ 프로세서를 넣었다. 갤럭시 탭 최초로 디스플레이에 '반사 방지(AR) 코팅'을 적용해 밝은 곳에서도 생생한 화질을 즐길 수 있다. 필기부터 드로잉까지 활용할 수 있는 'S펜'이 기본 제공되며 IP68 방수·방진 기능을 갖췄다. 대화면에 최적화된 '갤럭시 AI'와 '3D 맵 뷰' 등을 적용해 편리하게 사용할 수 있다.삼성전자는 '갤럭시 탭 S10 시리즈' 구매 시 중고 태블릿을 반납하면 최대 123만원의 보상 혜택을 제공하는 'Galaxy 바꿔보상' 프로그램을 다음달 30일까지 운영한다. 'Galaxy 바꿔보상' 프로그램은 타사 태블릿 사용자도 참여할 수 있으며 보상 모델과 금액에 대한 자세한 내용은 삼성닷컴에서 확인할 수 있다.삼성전자는 내달 30일까지 구매 고객을 대상으로 △모아진 6개월 국내∙해외 디지털 매거진 구독권 △한컴독스 1년 이용권 △YES24 크레마클럽 90일 이용권 △클립스튜디오 페인트 6개월 이용권 △삼성에듀 1년 이용권 등 다양한 구매 혜택을 제공한다. 구매 고객들은 여행용품 브랜드 로우로우와 협업해 제작한 '갤럭시 탭 S10 시리즈' 전용 태블릿 파우치를 선착순 2만개 한정으로 5000원에 구매할 수 있다.또 제품 생산성과 휴대성을 높여주는 정품 액세서리 'AI 키보드 북커버'와 'AI 슬림 키보드 북커버', '스마트 북커버' 중 1종을 최대 70% 할인된 가격으로 만나 볼 수 있으며, 드로잉과 필기에 최적화된 'S펜 크리에이터 에디션'과 필기구 전문 브랜드와 협업한 '라미 사파리 S펜'도 최대 71% 할인가에 구매할 수 있다. 특히 이달 17일까지 제품을 구매한 고객에게는 파손 보상∙수리비 즉시 할인 혜택을 제공하는 '삼성케어플러스 파손보장형' 12개월 이용권을 제공한다. 또한 '갤럭시 탭 S10 울트라' 512GB와 1TB 모델을 구매한 선착순 1만명의 고객에게는 20만원 상당의 '로우로우 여행용 캐리어'를 증정한다.",0.0,0,부정,"['삼성전자', ',', ""'"", '갤럭시', '탭', 'S10', '시리즈', ""'"", '국내', '출시', '..', '124만원', '부터']"
2024-10-03 07:16:07,고조되는 삼성전자 위기론…반전 모멘텀은?,https://n.news.naver.com/mnews/article/079/0003944124?sid=101,"모건스탠리發 '반도체 겨울론', '기우'됐지만 장중 한때 '5만전자'맥쿼리 ""목표주가 12.5만 →6.4만, 투자의견 매수→중립…외국인 ""팔자""HBM 주도권 못 찾아오고 TSMC와 격차 못 줄여""원래 잘 하던 것 못 하고 신시장도 못 열어…명확한 비전 시급""항소심 첫 공판 출석하는 이재용 회장. 연합뉴스석달째 내리막길을 걷고 있는 삼성전자 주가가 지난 2일 장중 5만원대까지 추락하며 '신저가'를 경신하고 있다. '메모리 반도체 풍항계'로 불리는 미국 반도체 업체 마이크론의 깜짝 실적 발표와 지난달 한국 반도체 수출 역대 최대치 경신 등 '반도체 겨울론'은 주춤한 분위기지만 삼성전자를 둘러싼 위기감은 사그라들지 않고 있다.주가가 펀더멘탈(재무 상태나 경영 전략 등 기업의 기초 체력)에 직접 영향을 주는 것은 아니지만, 삼성전자의 성장가능성에 대한 시장의 기대치가 낮아지고 있다는 점은 기업의 경고등으로 해석된다. 전문가들은 기술리더십 회복과 명확한 비전 제시 등을 통해 '위기론'을 극복하지 못하면 삼성전자가 '위기'에 직면할 수 있다고 우려하고 있다.삼성전자 주가, 52주 신저가 기록 새로 써2일 삼성전자 주가는 전일 대비 0.33% 내린 6만1300원(종가)을 기록했다. 주가는 장 초반 5만9900원까지 떨어지며 신저가를 새로 썼다. 이날 주가 하락은 외국인과 기관이 주도했다.삼성전자가 '5만전자'로 내려앉은 것은 지난해 3월 이후 1년 7개월만이다. 삼성전자는 지난 7월 8만8800원을 기록한 후 3개월 연속 하락세가 이어지고 있다.삼성전자 주가의 최근 약세의 배경 중 하나는 모건스탠리의 '반도체 시장 겨울론'이 거론된다.모건스탠리는 메모리 반도체인 D램의 수요 감소와 HBM(고대역폭메모리)의 공급 과잉 등으로 내년부터 '반도체 시장에 겨울이 올 것'이라고 전망했고 이후 삼성전자와 SK하이닉스의 주가가 곤두박질쳤다.이후 글로벌 메모리 3사(삼성전자·SK하이닉스·마이크론) 중 가장 먼저 분기 실적을 발표하는 마이크론의 깜찍 실적과 가이던스(실적 전망치)로 주가는 소폭 회복했다.하지만 맥쿼리가 최근 보고서를 통해 메모리 부문 다운사이클(하향 국면) 진입에 따른 수익성 악화와 메모리 공급과잉 등의 영향에 따른 실적 둔화 우려 등을 이유로 삼성전자 목표 주가를 기존 12만5천원에서 6만4천원으로 내리고 투자의견을 '매수'에서 '중립'으로 하향하면서 외국인과 기관 매도에 따른 주가 하락이 이어졌다.HBM·파운드리, 1등과 격차 못 좁히는 삼성삼성전자 주가 하락세의 근본적인 배경은 삼성전자의 사업 경쟁력에 있다는 목소리가 지배적이다.삼성전자의 주력인 메모리 반도체 사업 반등이 시장의 기대 수준에 미치지 못하고, 수익률이 높은 HBM와 파운드리(반도체위탁생산)에선 시장주도 사업자에 대한 추격에 속도를 내지 못하고 있다.삼성전자는 지난 7월 조직개편을 통해 HBM 개발팀을 신설하는 등 기술 리더십 강화에 나섰지만 HBM 시장의 '큰 손'인 엔비디아에 납품을 위한 퀄(품질)테스트를 통과했다는 소식은 들리지 않고 있다.그 사이 SK하이닉스는 지난 3월 5세대 HBM인 HBM3E 8단을 업계 최초로 납품한 데 이어 최근 12단 제품도 최초로 양산했다고 밝히는 등 삼성전자를 따돌리고 달려가는 모양새다.대만시장조사업체 트렌드포스에 따르면 TSMC의 올해 2분기 파운드리 시장 점유율은 62.3%, 삼성전자와 격차는 전 분기(50.7%포인트)와 비슷한 50.8%포인트를 유지했다.삼성전자 파운드리 사업부는 올해도 수조원의 적자를 낼 것으로 예상된다. 이에 삼성전자는 파운드리 일부 설비의 가동을 중단하는 등 가동률 조절에 나섰다.지난 5월엔 방사선 안전 관리 부실로 기흥사업장에서 노동자 2명이 방사선에 피폭되는 사고가 발생했고, 인도법인 가전공장의 직원 약 600명이 불법 시위를 벌이는 등 악재도 이어지고 있다.""주가는 성장에 대한 기대…명확한 비전 제시 시급""업계에선 삼성전자가 시장에 신뢰를 주기 위한 노력과 가시적인 성과가 시급하다는 의견이 주를 이룬다.한 업계 관계자는 ""'삼성전자가 위기냐'고 묻는다면 '현재는 아니다'라고 본다""면서도 ""주력 사업인 반도체 사업에서 기술리더십을 잃고 있고, 디바이스·가전 시장은 성장률이 떨어지고 있는 상황에 대해 우려하는 '위기론'에 대해 삼성전자가 빨리 해답을 내놓지 못하면 진짜 위기에 직면할 것""이라고 말했다.리더스인덱스 박주근 대표는 ""삼성전자의 가장 큰 힘은 기술리더십이었는데 지금은 새로운 것을 잘 해 달라고 하는 것은 욕심이고 원래 잘 하던 것조차 약화되고 있다""며 ""최근 10년 간 삼성전자를 분석해보면 스스로 새로운 시장을 만들어내는 것이 아니라 D램과 낸드처럼 기존 시장 성장에 운 좋게 편승해서 수혜를 입었는데 새로운 시장 개척이 필요한 시점""이라고 진단했다.이어 ""이런 문제를 타개하기 위해서는 선명한 방향성이 제시되어 하는데 내부에서도 향후 삼성전자가 B2B(기업간거래) 중심으로 가야하는지, AI(인공지능) 중심으로 가야하는지, 글로벌 디바이스기업으로 남아야하는지, 종합가전 회사로 가야하는지 갈피를 잡지 못하고 있다""며 ""방향성을 분명히 잡아야 하는데 이재용 회장이 긴 침묵을 깨고 삼성전자가 앞으로 나갈 방향을 분명히 해줘야 한다""고 강조했다.※CBS노컷뉴스는 여러분의 제보로 함께 세상을 바꿉니다. 각종 비리와 부당대우, 사건사고와 미담 등 모든 얘깃거리를 알려주세요.이메일 :jebo@cbs.co.kr카카오톡 :@노컷뉴스사이트 :https://url.kr/b71afn",0.0,0,부정,"['고조', '되', '는', '삼성전자', '위기론…반전', '모멘텀', '은', '?']"
2024-10-02 22:02:10,"[단독] ‘방사선 피폭’ 삼성전자, 5년 전 원안위 평가서 “안전관리 이해 부족”",https://n.news.naver.com/mnews/article/028/0002709721?sid=102,"삼성전자 기흥공장에서 작업 중 방사선에 피폭된 노동자 올린 손 모습(왼쪽). 전국삼성전자노동조합 누리집 갈무리. 경기 용인시 기흥구 삼성반도체 기흥공장(오른쪽). 류우종 한겨레21 기자지난 5월 방사선 피폭 사고가 발생한 삼성전자 기흥사업장이 5년 전 원자력안전위원회(원안위) 산하 한국원자력안전기술원(KINS·킨스)의 정기검사에서 방사선 안전관리에 대한 이해가 부족하다는 평가를 받았던 것으로 파악됐다. 원안위는 최근 노동자 2명의 피폭 사고 원인으로 “방사선 안전에 대한 관리감독 미흡”을 꼽은 바 있다.2일 국회 과학기술정보방송통신위원회 소속 이훈기 더불어민주당 의원이 원안위로부터 제출받은 삼성전자 기흥사업장의 ‘2019년 알아이(RI·방사성 동위원소) 등 허가사용자 정기검사 결과서’를 보면, 원안위의 검사 권한을 위탁받아 검사를 진행한 킨스는 ‘검사 종합의견’으로 “방사선 안전관리에 대한 이해가 부족하다”고 평가했다. 또 “정기검사 안내에 따른 개선 의지가 강하며, (회사가) 방사선 안전관리자를 추가 선임할 계획임에 따라 향후 안전관리가 체계적으로 수행될 것으로 기대된다”고 밝혔다.방사선 발생 장치는 ‘허가’ 장치와 ‘신고’ 장치로 나뉘는데, 기흥사업장은 허가사용자에 해당해 원자력안전법 등에 따라 5년 주기로 정기검사를 받아야 한다. 당시 검사에서는 원자력안전법을 위반했다는 ‘지적’이나 미흡 사항 개선·보완에 대한 권고는 없었다. 하지만 의무 사항은 아니지만 미흡한 안전관리규정·안전관리절차 등 개선이 필요한 부분에 대해선 ‘안내사항’으로 종합의견에 담겼다.삼성전자는 당시 결과서에 나온 약속과는 달리 안전관리자를 늘리지 않았다. 기흥사업장의 안전관리자는 5년 전과 같은 2명이다. 안전관리자가 관리할 기흥사업장의 방사선 발생 장치는 허가 대상 장치 1대, 신고 대상 장치 656대에 이른다. 이에 대해 삼성전자 관계자는 결과서 내용을 부인하며 “안전관리자를 추가로 선임하겠다고 말한 적 없다”고 했다.원안위는 최근 5월 피폭 사고에 대해 “장비 정비사항 발생 때 방사선 안전관리자의 검토·승인 절차 부재”를 사고 발생 원인으로 평가하며 “방사선 안전관리자의 실질적 관리감독 체계 미흡”을 지적했다. 이훈기 의원은 “삼성전자가 5년 전 정기검사 내용을 안전관리 체계 구축 때 반영했다면 방사선 피폭 사고를 예방할 수 있었다”고 지적했다.한편 10일 열리는 국회 과방위의 원안위 국정감사는 윤태양 삼성전자 최고안전책임자(부사장)는 증인으로, 피폭 피해노동자 이용규씨는 참고인으로 출석할 예정이다.",0.0,0,부정,"['[', '단독', ']', '‘방사선', '피폭’', '삼성전자', ',', '5년', '전', '원안위', '평가', '서', '“안전관리', '이해', '부족”']"
2024-10-02 20:25:00,삼성전자 장중 '5만 전자' 추락…겨울론 이어 허약한 거인,https://n.news.naver.com/mnews/article/055/0001194564?sid=101,"<앵커>이란의 공격 소식에 국제 유가가 올랐고 오늘(2일) 우리 증시는 떨어졌습니다. 특히 삼성전자 주가는 오늘 장 중 한때 5만 원대까지 추락했습니다. 석 달 전만 해도 9만 원을 바라봤던 삼성전자 주가는 이제 국내외에서 부정적인 전망이 늘어가는 분위기입니다.그 이유를 김지성 기자가 취재했습니다.<기자>해외 투자은행 맥쿼리의 보고서입니다.삼성전자를 '허약한 반도체 거인'으로 표현하면서 목표 주가를 12만 5천 원에서 6만 4천 원으로 낮췄습니다.고대역폭메모리, HBM을 엔비디아에 납품하기 위한 품질 테스트 통과가 늦어지고 있고 반도체 위탁 생산, 즉 파운드리 분야에서 부진을 면치 못하고 있는 점을 주원인으로 꼽았습니다.실제 D램과 낸드플래시 등 메모리 반도체는 공급 과잉 우려 속에 가격이 8월 이후 하락세로 돌아섰습니다.파운드리 분야는 올해도 조 단위의 적자가 예상되면서 일부 설비 가동을 멈춘 상태입니다.[김형준/차세대지능형반도체사업단장 : 파운드리도 (TSMC와의) 격차는 더 벌어지고 있고 D램 기술에서조차도 SK하이닉스에 뒤처져 있다, 모든 분야들이 옛날의 초격차를 유지를 못 하고 있다….]삼성전자는 해외 법인의 인력을 대거 줄이고 있는 것으로 알려졌고 인도법인 가전공장 직원들의 파업 등 악재도 끊이지 않고 있습니다.외국인 투자자는 지난달 3일 이후 한 달째 삼성전자를 순매도하고 있는데, 이 기간 처분한 게 8조 7천억 원어치에 달합니다.국내 증권사들도 목표주가를 속속 내리고 있지만, '반도체 겨울론'을 편 모건스탠리에 이어 맥쿼리까지, 외국계 증권사들의 전망이 가혹하다는 지적도 많습니다.AI 산업 확산 등으로 메모리 수요는 계속 늘 가능성이 크다는 겁니다.[노근창/현대차증권 리서치센터장 : (엔비디아의 칩) 블랙웰이 HBM을 기존 제품보다 세 배 가까이 더 쓰거든요. 메모리 반도체의 긍정적인 수급 여건은 지속될 것으로 예상하고 있습니다.]오는 8일 3분기 잠정 실적 발표가 위기론에 대한 1차 시금석이 될 전망인데, 차별화된 경쟁력에 대한 시장의 믿음을 언제쯤 회복할 수 있을지 시장의 관심이 쏠리고 있습니다.(영상취재 : 강시우·양지훈, 영상편집 : 김진원, 디자인 : 박초롱·임찬혁)",-0.75,0,부정,"['삼성전자', '장중', ""'"", '5', '만', '전자', ""'"", '추락…겨울론', '이', '이', '어', '허약', '하', 'ㄴ', '거인']"
2024-10-02 18:19:13,삼성전자 매수자 이러다 다 죽는다… 3년간 81%는 손실,https://n.news.naver.com/mnews/article/014/0005248457?sid=101,"장중 6만원 무너져 52주 신저가매물대 보니 7만원대 물량 43%올해는 언제 샀든 전부 다 손실하락세에도 개인 9월 8조 매수최근 3년간 삼성전자를 사들인 투자자 10명 중 8명이 손실을 본 것으로 나타났다. 올해의 경우 삼성전자 주식을 산 투자자 상당수가 8만원대 이상에서 거래를 했지만, 국내외 증권사는 연일 삼성전자 목표주가를 낮춰잡아 시름이 커지고 있다.2일 한국거래소에 따르면 삼성전자는 전 거래일 대비 0.33% 하락한 6만1300원에 거래를 마치면서 52주 신저가를 갈아치웠다. 개장 직후 5만9900원까지 밀렸는데, 장중 주가가 6만원을 밑돈 것은 지난해 3월16일 이후 1년 7개월만이다.주가가 연일 신저가를 경신하면서 최근 3년간(2021년 10월1일~2024년 10월2일) 삼성전자를 사들인 주주 10명 중 8명은 손실 구간에 들어섰다. 코스콤 체크를 통해 최근 3년간 삼성전자 주식 매물대를 기준으로 삼성전자 주식 매수자 중 81.59%는 이날 종가 기준으로 손실을 보고 있다. 매물대는 해당 주가에 투자자들이 얼마나 거래했는 지를 나타내는 지표다. 가격 구간별로 보면 7만원대에서 거래된 물량(43.29%)이 가장 많았다.올해 삼성전자를 사들인 투자자들의 손실 규모는 이보다 더 클 전망이다. 주가 하락이 지속되면서 사실상 투자자 전원이 손실 구간에 놓여 있다. 올해 삼성전자 주식 매수자들의 매물대를 세부적으로 보면 7만5000원~7만9900원에서 거래된 물량이 31.39%로 가장 많았다. 8만원 이상 가격에서 거래된 물량도 27.36%에 육박한다. '10만 전자'를 기대하는 매수세가 몰린 영향으로 풀이된다. 7만~7만4900원선 거래 물량은 28.51%, 6만원대에서 거래된 물량은 12.76%에 그쳤다.삼성전자 투자심리가 위축된 것은 국내외 증권사에서 목표주가와 투자의견 눈높이를 낮춘 영향이 컸다.외국계 증권사 맥쿼리는 지난달 말 보고서를 통해 삼성전자에 대한 투자의견을 '매수'에서 '중립'으로 하향 조정했다. 목표가도 12만5000원에서 6만4000원으로 절반가량 낮춰잡았다. 맥쿼리는 메모리 반도체 공급 과잉이 발생해 평균 판매가격(ASP)이 하락하고 전방 산업 수요도 위축되면서, 삼성전자 수익성도 악화될 것으로 전망했다. 또 고대역폭메모리(HBM) 시장에서 엔비디아에 납품이 늦어지면서 주가 상승 동력이 약해지고 있다고 분석했다. 맥쿼리는 2026년 삼성전자 HBM 매출액을 130억 달러로 SK하이닉스(300억 달러) 대비 43% 수준에 그칠 것으로 예상했다.국내 증권사도 삼성전자 목표주가를 연일 낮추고 있다. 신한투자증권은 이날 삼성전자 목표가를 기존 11만원에서 9만5000원으로 하향했다. 스마트폰 수요가 예상을 밑도는 가운데 레거시 메모리 수요가 둔화됨에 따라 3·4분기 예상 영업이익 추정치(10조2000억원)를 낮췄다. 다만 삼성전자 주가에 대한 바닥권 인식이 강해지고 있어 추가하락 가능성은 낮다고 전망했다. 김형태 신한투자증권 연구원은 ""현재 주가는 역사적 주가순자산비율(PBR) 밴드 하단 부근에 있다""며 ""악재는 주가에 대부분 반영된 것으로 보여 중장기 관점에서 매수 접근을 고민해 볼 시점""이라고 말했다. 이어 ""공급자 중심 메모리 수급 환경이 유지돼 내년 반도체 업황은 내년보다 양호할 것""이라고 분석했다.개인 투자자들 역시 삼성전자 주가가 바닥권에 도달한 것으로 보고 베팅하는 모습이다. 9월 한 달 만에 개인투자자는 삼성전자 주식을 8조870억원어치를 순매수했다.",0.0,0,부정,"['삼성전자', '매수', '이', '자', '이르', '어다', '다', '죽는다…', '3년', '간', '81', '%', '는', '손실']"
2024-10-02 18:01:07,"반도체 우려·이익전망 하향까지… 삼성전자, 장중 한때 ‘5만전자’",https://n.news.naver.com/mnews/article/081/0003484335?sid=101,"동남아 등 10% 감원에 위기론 확산3분기 실적 전망도 10조원대로 ‘뚝’미국 반도체 기업 마이크론의 예상 밖 호실적에 ‘반도체 겨울론’이 수면 아래로 내려갔지만 삼성전자를 둘러싼 위기감은 사그라들지 않고 있다. 삼성전자가 글로벌 인력 감축에 나섰다는 외신 보도는 위기론에 불을 지폈다.블룸버그통신은 1일(현지시간) 소식통의 말을 인용해 삼성전자가 동남아시아, 호주, 뉴질랜드에서 해당 지역 인력의 약 10%를 해고하고 있다고 보도했다.수천명을 해고하는 해외법인 인력(14만 7104명, 2023년 말 기준) 감축 계획의 일환으로 해당 지역에서 인력 조정 작업이 진행되고 있다는 것이다. 대상은 제조 직군보다는 관리, 영업·마케팅 쪽 인력으로 동남아 지역에서만 수백명이 나갈 것으로 보인다.삼성전자는 “일부 해외 법인의 운영 효율성을 개선하기 위한 일상적 조정”이라고 설명했지만 업계 안팎에선 최근 회사가 처한 상황과 무관치 않다는 평가가 나온다. 최근 삼성전자는 인공지능(AI) 칩에 탑재되는 고대역폭메모리(HBM)와 범용 D램 시장 모두에서 도전을 받고 있다. HBM의 경우 SK하이닉스를 빠르게 추격 중이나 주도권을 빼앗아 오진 못하고 있다.든든한 버팀목이었던 D램과 낸드마저 가격이 하락세로 전환했다. PC용 D램 범용제품(DDR4 8Gb 1Gx8)의 9월 평균 고정거래가격은 전달보다 17.07% 내린 1.7달러(D램익스체인지 자료)로 집계됐다. 지난해 4월(-19.89%) 이후 최대 하락폭이다. 매쿼리는 최근 보고서에서 “상황에 따라 (삼성전자가) D램 1위 공급업체 타이틀을 잃을 수도 있다”는 비관적 전망을 내놓았다.지난 2분기 실적 발표 직후 3분기 영업이익으로 13조~14조원대를 전망했던 국내 증권사들도 잇따라 10조원대 초반으로 실적 전망치를 낮추고 있다. 김형태 신한투자증권 연구원은 “예상을 밑도는 스마트폰 수요, 구형 메모리 수요 둔화, 비메모리 적자폭 확대(전 분기 대비), 경쟁사 대비 늦은 HBM 시장 진입 등 반도체 부문 우려가 가중되고 있다”고 분석했다.이날 삼성전자 주가(6만 1300원, 10월 2일 종가 기준)는 장중 한때 6만원 아래로 내려가며 1년 7개월 만에 ‘5만전자’를 기록했다.",0.0,1,긍정,"['반도체', '우려·이익전망', '하향까지…', '삼성전자', ',', '장중', '하', 'ㄴ', '때', '‘5만전자’']"
2024-10-02 16:09:02,장중 '5만전자' 찍은 삼성전자…증권가도 목표가 줄하향(종합),https://n.news.naver.com/mnews/article/001/0014961161?sid=101,"566일만에 주가 5만원대…저가 매수세 유입에 6만원대 회복중동 갈등·맥쿼리 주가 반토막 보고서에 '수출 효과' 상쇄삼성전자 사옥[연합뉴스 자료사진](서울=연합뉴스) 이동환 기자 = 삼성전자 주가가 2일 장중 2% 넘게 내리면서 1년 7개월 만에 '5만전자'를 기록했다.삼성전자는 이날 전장 대비 200원(-0.33%) 내린 6만1천300원에 거래를 마쳤다.개장 직후 전장 대비 2.60% 내린 5만9천900원을 기록하면서 52주 최저가를 경신했지만, 개인 투자자의 저가 매수세가 유입되면서 내림폭을 점차 줄였다.반면 외국인과 기관은 유가증권시장에서 삼성전자를 가장 많이 순매도했다.이재원 신한투자증권 연구원은 ""삼성전자에 대한 외국인 순매도가 지속 중인 가운데 낙폭 과대 인식이 형성되면서 주가가 소폭 반등했다""고 분석했다.한국거래소에 따르면 삼성전자 주가가 6만원을 밑돈 것은 지난해 3월 16일(종가 5만9천900원·장중 최저가 5만9천100원) 이후 566일 만이다.9월 반도체 수출액이 136억달러로 역대 최대치를 경신했다는 통계가 전날 나왔지만, 이란이 이스라엘을 겨냥해 180발의 탄도미사일을 포격하고 이스라엘이 보복을 예고하자 간밤 뉴욕증시가 하락하면서 '수출 효과'를 상쇄시킨 것으로 풀이된다.국내 반도체 종목과 연동된 엔비디아는 3.7% 급락했고, 브로드컴(-2.9%), AMD(-2.6%), 마이크론(-3.3%) 등이 하락하면서 필라델피아반도체지수는 2.9% 급락했다.외국계 투자은행(IB)인 맥쿼리가 목표주가를 기존 12만5천원에서 6만4천원으로 내리고, 투자의견은 '매수'에서 '중립'으로 하향한 보고서도 악재로 작용했다.메모리 부문이 다운 사이클에 진입하면서 수익성이 악화하고, D램 등 메모리 공급과잉에 따라 평균판매단가(ASP)가 내림세로 전환하면서 수요 위축이 실적 둔화로 이어질 우려가 크다는 게 맥쿼리의 지적이다.국내 증권사도 삼성전자 목표 주가를 내렸다.박유악 키움증권 연구원은 ""고대역폭 메모리(HBM) 공급 과잉 우려, HBM3E 양산 퀄(품질)에 대한 거듭된 실망감, 낸드 업황 악화, 파운드리 수주 부진, 올해 3분기 실적 부진 우려 등을 이유로 지난 7월 고점 대비 30% 급락했다""고 짚었다.이어 ""주가는 모든 악재가 충분히 반영된 수준""이라며 ""파운드리 실적 전망치 변경을 반영해 목표 주가는 기존 10만원에서 9만원으로 소폭 하향한다""고 말했다.다만 ""HBM 가격이 하락하지 않고 D램 업황도 양호하다는 안도감만으로 충분한 수준의 반등이 나타날 수 있다""며 반도체 업종 최선호주 의견은 유지했다.김형태 신한투자증권 연구원은 ""예상을 하회하는 스마트폰 수요, 구형 메모리 수요 둔화, 비메모리 적자 폭 확대를 비롯해 환율과 일회성 비용도 수익성 훼손을 야기했다""며 3분기 영업이익 추정치를 2.3% 내린 10조2천억원으로 제시했다.그러면서 목표 주가는 기존 11만원에서 9만5천원으로 하향 조정하고, 투자 의견은 '매수'를 유지했다.dhlee@yna.co.kr",0.0,0,부정,"['장중', ""'5만전자'"", '찍', '은', '삼성전자…증권가', '도', '목표', '가', '줄하향', '(', '종합', ')']"
2024-10-02 14:26:14,삼성전자 위기설 어디까지…해외 인력 감축에 주가도 휘청,https://n.news.naver.com/mnews/article/022/0003973180?sid=102,"블룸버그 ""삼성전자, 해외서 일부 구조조정 계획""삼성전자 ""통상적 구조조정...국내는 아직 계획 없어""삼성전자가 해외 사업장을 중심으로 대대적인 인력 감축에 나서면서 ‘위기설’이 다시금 확산하고 있다. 이달 들어 하락세를 거듭하던 주가도 이같은 악재 소식이 더해지자 2일 장 초반 6만원선이 붕괴하기도 했다.1일(현지시간) 블룸버그 통신은 소식통을 인용해 최근 삼성전자가 동남아시아, 호주, 뉴질랜드에서 해당 지역 인력의 약 10%를 해고하고 있다고 보도했다.삼성전자 관계자는 “통상적인 인력 조정일 뿐”이라며 “매년 저성과자에 대해 평균 10% 정도 감축해왔다. 올해만의 일은 아니다”라고 설명했다.또 국내 인력 감축 계획에 대해서는 “아직까지 계획된 바 없다”고 덧붙였다.삼성전자 주가가 해외 인력 구조조정 소식에 장중 한때 6만원선이 무너지는 등 급락하고 있다. 사진은 2일 서울 삼성전자 서초사옥 모습. 뉴시스삼성전자의 이같은 해명에도 위기설은 좀처럼 가시지 않고 있다. 주력사업인 반도체와 가전 분야에서 실적 부진을 거듭하고 있기 때문이다.삼성전자는 지난해 메모리 사업 부진으로 15년 만에 영업이익이 최저 수준으로 떨어졌다. 올해 반등에 성공하긴 했지만, 인공지능(AI)에 사용되는 메모리 칩 부분은 국내 라이벌인 SK하이닉스보다 여전히 뒤처진 상태고, 파운드리(위탁생산) 부분에서도 대만의 TSMC에 밀리고 있다.스마트폰 시장도 미국 애플, 중국 화웨이 등에 쫓기는 상황이다. 지난 7월 출시된 갤럭시Z폴드6와 갤럭시Z플립6의 판매 실적은 전작과 비교해 큰 성과를 보이지 않고 있다.가전 판매 실적도 좋지 않다. 올해 2분기 TV와 가전 부문의 영업이익은 전년 동기 대비 34% 감소한 4900억원에 그쳤다.해외 증권사들도 잇따라 부정적인 전망을 내놓으며 삼성전자의 위기설에 힘을 싣고 있다.앞서 모건스탠리가 삼성전자의 목표주가를 ‘7만전자’로 낮춘 데 이어 맥쿼리도 ‘6만전자’로 조정했다.맥쿼리는 지난달 말 보고서를 통해 삼성전자 목표가를 12만 5000원에서 6만 4000원으로 하향 조정했다. 반토막이 난 셈이다. 투자의견도 ‘매수’에서 ‘중립’으로 낮췄다.국내 증권가에서는 주가가 더 떨어지지는 않을 것으로 내다보면서도, 3분기 실적은 부진할 것으로 전망하고 있다.삼성전자는 이달 말 콘퍼런스콜(전화 회의) 방식의 분기 실적 발표를 앞두고 있다. 업계에서는 이날 삼성전자가 지속되고 있는 위기설을 잠재울만한 방안을 내놓을지 주목하고 있다.",0.0,0,부정,"['삼성전자', '위기설', '어디까지…해외', '인력', '감축', '에', '주가', '도', '휘청']"
2024-10-02 14:22:41,"삼성전자 인도법인 노동자 600여명, '불법 시위 혐의'로 구금",https://n.news.naver.com/mnews/article/003/0012815982?sid=104,"미신고 불법 시위 및 소란 혐의로 구금됐다 석방인도법인 노조, 임금 인상 등 요구하며 천막 시위[타밀나두주=AP/뉴시스] 24일(현지시각) 인도 타밀나두주 첸나이 스리페룸부두르 공장 인근에서 파업을 벌이고 있는 삼성전자 소속 노동자들이 구호를 외치고 있다. 2024.09.24[서울=뉴시스]박광온 기자 = 인도 현지에 있는 삼성전자 인도법인 소속 가전공장 직원 수백명이 불법 시위 도중 소란을 피운 혐의로 구금됐다.1일(현지시각) 신화통신과 DW 등에 따르면, 인도 경찰은 미신고 불법 시위 및 소란 혐의를 받는 삼성전자 파업 노동자 및 노조원 약 600명을 구금했다고 밝혔다.이들은 인도 타밀나두주 첸나이에 있는 공장 안팎에서 자신들의 요구 사항을 관철하기 위해 선동과 구호, 연설 등으로 소란을 피운 혐의를 받는다.경찰 관계자는 ""파업 근로자들은 허가를 받지 않은 불법 시위를 통해 대중에게 불편을 끼친 혐의가 있으며, 4개의 결혼식장에 구금됐다""고 설명했다.다만 현지 언론 등은 이들이 이날 밤 석방됐다고 전했다.앞서 첸나이의 삼성전자 스리페룸부두르 가전 공장 소속 노동자 1000여명은 지난달 9일부터 파업을 시작했다.첸나이 공장은 삼성전자의 인도 내 연간 매출 중 약 3분의 1인 120억 달러(약 15조8112억원)를 창출하는 대규모 공장이다.첸나이 공장 소속 노동자들은 임금 인상과 근로시간 개선, 노동조합 인정 등을 요구하며 공장 인근에서 천막을 치고 시위를 하고 있다.노조에 따르면, 첸나이 노동자들은 월 평균 수입은 2만5000루피(약 39만2750원)다. 이들은 향후 3년 동안 해당 금액보다 약 44% 오른 3만6000루피(약 56만5920원)를 지급하기를 사측에 요구하고 있다．",0.0,0,부정,"['삼성전자', '인도법', '이', 'ㄴ', '노동자', '600', '여', '명', ',', ""'"", '불법', '시위', '혐의', ""'"", '로', '구금']"
2024-10-02 14:19:39,글로벌 금융사 '삼성전자 목표가 하향',https://n.news.naver.com/mnews/article/421/0007820609?sid=101,"(서울=뉴스1) 박세연 기자 = 세계 최대 메모리 반도체 업체 삼성전자가 인공지능(AI) 부문 부진으로 해외 직원 수천 명을 감원한다는 소식으로 한국증시에서 급락하고 있다고 블룸버그통신이 2일 보도했다.삼성전자는 해외 인력의 10% 정도를 감원할 계획인 것으로 알려졌다. 삼성전자 대변인은 ""일부 해외법인은 운영 효율성 제고를 위해 정기적인 인력 조정을 진행하고 있다""고 밝혔다.사진은 2일 서울 삼성전자 서초사옥 모습. 2024.10.2/뉴스1",0.0,0,부정,"['글로벌', '금융사', ""'"", '삼성전자', '목표', '가', '하향', ""'""]"
2024-10-02 12:02:19,HBM 경쟁력 우려에 해외인력 감축까지…'발등의 불' 삼성전자,https://n.news.naver.com/mnews/article/001/0014960299?sid=105,"장중 한때 '5만전자'…전문가들 ""혁신·결단력있는 메시지 필요""(서울=연합뉴스) 장하나 강태우 기자 = 한국의 지난달 반도체 수출이 역대 최대치를 기록하며 '반도체 겨울론'에 대한 우려를 사실상 불식시켰으나, 대표 기업인 삼성전자를 둘러싼 위기감은 여전히 사그라지지 않고 있다.고대역폭 메모리(HBM)를 비롯한 반도체 사업 경쟁력에 대한 우려가 이어지는 가운데 해외 인력 감축 보도 등이 잇따라 나오며 오히려 전방위적으로 위기감이 고조되는 모습이다.삼성전자 서초사옥[연합뉴스 자료사진]2일 업계에 따르면 블룸버그통신은 1일(현지시간) 익명의 소식통을 인용해 삼성전자가 글로벌 인력 감축 계획의 일환으로 동남아시아, 호주, 뉴질랜드에서 해당 지역 인력의 약 10%를 해고하고 있다고 보도했다.앞서 로이터도 지난달 소식통을 인용, 삼성전자 본사가 전 세계 자회사에 영업·마케팅 직원을 약 15%, 행정 직원을 최대 30% 줄이도록 지시했다고 보도한 바 있다.삼성전자는 이에 대해 ""일부 해외 법인에서 운영 효율성을 개선하고자 일상적인 인력 조정을 실시하는 것""이며 선을 그었지만, 업계 안팎에서는 최근 삼성전자를 둘러싼 위기설에 무게를 싣는 분위기다.여기에는 삼성전자의 주력인 반도체 사업이 지난해 사상 최악의 부진을 겪은 데 이어 경쟁사 대비 회복 속도가 더디고, 프리미엄 스마트폰 시장 등에서도 경쟁사와의 경쟁이 치열해지며 1위 자리 수성에 어려움을 겪는 현 상황이 반영됐다.특히 최근 인공지능(AI) 시장 확대로 급부상한 HBM의 경우 SK하이닉스에 주도권을 뺏긴 상태다. '큰 손' 고객인 엔비디아 납품도 늦어지고 있다.젠슨 황 엔비디아 CEO가 삼성 HBM3E에 남긴 사인[한진만 삼성전자 부사장 SNS 캡처. 재판매 및 DB 금지] photo@yna.co.kr그 사이 SK하이닉스는 지난 3월 HBM 5세대인 HBM3E 8단을 업계 최초로 납품한 데 이어 최근 12단 제품도 최초로 양산하며 격차를 키우는 실정이다.파운드리(반도체 위탁생산) 부문에서는 세계 최대 파운드리 업체인 대만 TSMC와 격차가 좀처럼 좁혀지지 않고 있다. 파운드리 사업부는 올해도 수조원의 적자를 낼 것으로 예상된다. 이에 삼성전자는 파운드리 일부 설비의 가동을 중단하는 등 가동률 조절에 나선 상태다.노조와의 갈등도 여전히 진행 상태다.방사선 안전 관리 부실로 지난 5월 기흥사업장에서 노동자 2명이 방사선에 피폭되는 사고가 발생하고, 인도법인 가전공장의 직원 약 600명이 불법 시위를 벌인 혐의로 경찰에 구금되는 등 각종 악재도 이어지고 있다.글로벌 투자은행(IB)발 보고서도 삼성전자의 위기론에 힘을 보태고 있다.맥쿼리는 최근 보고서에서 삼성전자 목표주가를 기존 12만5천원에서 6만4천원으로 내리고, 투자의견은 '매수'에서 '중립'으로 하향했다.메모리 부문이 다운사이클(하향 국면)에 진입하면서 수익성이 악화하고, D램 등 메모리 공급과잉에 따라 평균판매단가(ASP)가 내림세로 전환하면서 수요 위축이 실적 둔화로 이어질 우려가 크다는 게 맥쿼리의 지적이다.맥쿼리는 ""상황에 따라 (삼성전자가) D램 1위 공급업체 타이틀을 잃을 수도 있다""고도 했다.지난달에는 모건 스탠리가 비관적인 전망을 내놓으며 '반도체 겨울론'에 불을 붙이기도 했다.실적 풍향계로 통하는 마이크론의 호실적으로 강력한 AI 수요가 확인되며 '반도체 겨울론'이 수면 아래로 내려가기는 했지만, 삼성전자의 주가 하락까지 막기는 역부족인 모습이다.삼성전자의 주가는 이날 유가증권시장에서 장중 한때 6만원을 밑돌며 1년 7개월 만에 '5만전자'를 기록했다.한종희 삼성전자 디바이스경험(DX) 부문장(부회장)과 전영현 디바이스솔루션(DS) 부문장(부회장)을 비롯한 임원들이 자사주 매입에 적극 나서고 있지만 주가는 여전히 힘을 못 쓰고 있다.삼성전자 평택캠퍼스 생산 라인[삼성전자 제공. 재판매 및 DB 금지]이런 가운데 삼성전자는 반도체 사업 50년을 맞아 삼성 반도체의 정신적 지주 역할을 해 온 '반도체인의 신조'를 새롭게 제정하기로 하는 등 '정신 무장'에 나섰다.이정배 메모리사업부장(사장)은 최근 임직원 대상 타운홀 미팅에서 ""절박함을 가지고 다 같이 노력해야 한다""고 당부하기도 했다.불필요한 행사를 축소하는 등 비용 절감 노력도 병행하고 있다. 반도체 사업 50주년 행사를 열지 않기로 하거나 글로벌 파운드리 행사 일부를 온라인으로 전환하기로 한 것이 대표적이다.이런 가운데 삼성전자는 오는 8일 3분기 잠정실적을 발표할 예정이다.연합인포맥스가 최근 1개월 내 보고서를 낸 증권사 16곳의 실적 컨센서스(전망치)를 집계한 결과 삼성전자의 3분기 영업이익은 10조4천235억원으로 전망됐다.당초 14조원대로 예상됐던 영업이익은 지난달부터 급격히 하향 조정되는 분위기다.김광진 한화투자증권 연구원은 ""DS 부문 이익 추정치 하향의 주요 근거는 DS 부문의 성과급 관련 충당금 반영 때문이지만, 비메모리 적자 지속, D램 출하 증가율 소폭 하향, 메모리 재고평가손 환입 금액 축소, 환율 하락에 따른 부정적 환 효과 등이 복합적으로 이익률 훼손 요소로 작용했을 것""이라고 말했다.김록호 하나증권 연구원은 ""고객사 재고가 단기적으로 증가하며 스마트폰과 PC의 수요가 예상보다 부진한 것으로 파악된다""며 ""실적과 주가가 동종 업체 대비 차별화되려면 HBM 경쟁력 입증이 필요할 것""이라고 말했다.전문가들은 미래에 대한 불확실성이 점차 커지고 있고 삼성전자가 신뢰를 주지 못하고 있다고 진단했다.김형준 차세대지능형반도체사업단장은 연합뉴스와 통화에서 ""삼성전자가 위기라는 것은 부정하기 어렵다""며 ""주가가 5만원대로 떨어지는 이유는 삼성전자가 희망을 갖도록 하는 설루션을 제공해야 하는데 그게 없기 때문""이라고 말했다.김대종 세종대 경영학과 교수도 ""가전, 모바일, 통신, 반도체 어떤 것 하나도 원활하게 굴러가지 않고 있다""며 ""5만전자가 됐다는 것은 6개월 뒤 실적이 악화될 수 있다는 것으로 경제에도 큰 위기가 올 수 있다""고 진단했다.인텔의 전철을 밟지 않기 위해서는 메모리 초격차를 확보하기 위한 결단이 필요하다고 봤다.김 교수는 ""최근 세계 최대 기업이었던 인텔이 추락하고 있는데 삼성도 이러한 전철을 밟을 수 있다""며 ""우물쭈물하기보다 미래를 내다보고 장기적 관점의 혁신이 필요한 때""라고 했다.김 사업단장도 ""투자자 입장에서 삼성이 인텔과 다른 점이 무엇인지 찾지 못하고 있다""며 ""미래에 대한 희망적인 소식이 필요하다""고 말했다. 이어 ""특히 과거 이건희 선대회장의 프랑크푸르트 선언처럼 이재용 회장의 결단력 있는 메시지가 절실하다""고 강조했다.hanajjang@yna.co.krburning@yna.co.kr",0.0,0,부정,"['HBM', '경쟁력', '우려', '에', '해외인력', ""감축까지…'발등"", '의', '불', ""'"", '삼성전자']"
2024-10-02 09:39:11,"""잠시 5만전자를 봤다"" 개미들 비명…삼성전자 주가 '와르르'",https://n.news.naver.com/mnews/article/015/0005039301?sid=101,"삼성전자, 장중 6만원대 붕괴…1년 7개월 만맥쿼리, 삼성전자 목표가 12만5000원에서 6만4000원으로 낮춰""메모리 반도체 업황 부진해 수익성 악화할 것""국내 증권가 ""악재는 주가에 기반영…업황 우려보다 양호할 것""사진=연합뉴스삼성전자가 장중 5만원대까지 밀리며 52주 최저가를 경신했다. 외국계 증권사 맥쿼리가 삼성전자 목표가를 12만5000원에서 6만4000원으로 낮추자 투자심리가 위축된 것으로 풀이된다.2일 오전 9시 36분 현재 삼성전자는 전장 대비 800원(1.3%) 하락한 6만700원에 거래되고 있다. 개장 직후 주가는 5만9900원까지 밀렸다. 장중 주가가 6만원을 밑돈 것은 작년 3월 16일 이후 약 1년 7개월 만이다.금융투자업계에 따르면 맥쿼리는 지난달 말 보고서를 통해 삼성전자에 대한 투자의견을 '매수'에서 '중립'으로 하향 조정했다. 목표가도 절반가량 낮춰잡았다. 메모리 반도체 업황이 부진해 삼성전자 수익성이 악화할 것이란 전망에서다. 메모리 반도체 공급 과잉이 발생해 평균 판매가격(ASP)이 하락하고, 전방 산업 수요도 위축되고 있다고 평가했다.또 대역폭메모리(HBM) 시장에서 엔비디아에 납품이 늦어지면서 주가 상승 모멘텀(동력)이 약해지고 있다고 봤다. 2026년 삼성전자 HBM 매출액은 130억 달러로 SK하이닉스(300억 달러) 대비 43% 수준에 불과할 것으로 추정했다.국내 증권사도 삼성전자의 3분기 실적이 부진할 것으로 보고 있다. 김형태 신한투자증권 연구원은 ""스마트폰 수요가 예상을 밑돌고 있으며 레거시 메모리 수요도 둔화하고 있다""며 ""경쟁사 대비 HBM 시장 진입도 늦어 우려가 가중된 상황""이라고 말했다.그러면서 ""3분기 영업이익은 10조2000억원으로 시장 전망치인 11조2000억원을 밑돌 것으로 보인다""며 목표주가를 기존 11만원에서 9만5000원으로 낮췄다.다만 주가가 바닥에 있어 더 하락할 가능성은 낮다고 분석했다. 김 연구원은 ""현재 주가는 역사적 주가순자산비율(PBR) 밴드 하단 부근에 있다""며 ""악재는 주가에 대부분 반영된 것으로 보여 중장기 관점에서 매수 접근을 고민해 볼 시점""이라고 했다. 이어 ""공급자 중심 메모리 수급 환경이 유지돼 내년 반도체 업황은 내년보다 양호할 것이며 HBM 시장에서의 성과가 주가 반등재료로 작용할 가능성이 있다""고 설명했다.한편 블룸버그통신은 익명의 소식통을 인용해 삼성전자가 동남아시아·호주·뉴질랜드에서 수천 명을 해고할 계획이라고 보도했다. 삼성전자는 운영 효율성 제고를 위한 정기적인 인력 조정이라는 입장이다.",0.0,0,부정,"['""', '잠시', '5만전자', '를', '보', '아다', '""', '개미들', '비명…삼성전자', '주', '가', ""'와르르"", ""'""]"
2024-10-02 09:24:51,"삼성전자, '6만전자' 붕괴…또 52주 신저가",https://n.news.naver.com/mnews/article/003/0012814923?sid=101,"필라델피아 반도체 2.86% 하락[서울=뉴시스] 박은비 기자 = 삼성전자가 장중 6만원선도 붕괴됐다. 간밤 미 증시에서 반도체주 투자 심리가 위축된 데 따른 것이다.2일 한국거래소에 따르면 오전 9시10분 현재 전 거래일 대비 1000원(1.63%) 하락한 6만500원에 거래되고 있다. 3거래일 연속 하락세로 장 초반 5만9800원까지 떨어져 52주 최저가를 다시 썼다.같은 시각 SK하이닉스 역시 내림세다. 2600원(1.49%) 빠진 17만2000원을 가리키고 있다.국내 반도체주들이 민감하게 반응하는 엔비디아 주가는 지난 1일(현지시간) 3.7% 하락 마감했다. 인공지능(AI)·반도체 분야 경쟁사인 세레브라스 시스템즈(Cerebras Systems)가 기업공개(IPO)를 추진하자 투자자들이 우려를 나타냈기 때문이다.또 궈밍치 대만 TF인터내셔널 애널리스트가 엔비디아가 듀얼 랙 GB200 NVL36 개발을 중단하고 단일 랙 GB200 NVL72만 제공할 계획이라고 언급한 영향도 있다. 이를 반영한 필라델피아 반도체 지수는 2.86% 떨어졌다.서상영 미래에셋증권 연구원은 ""그러나 모건스탠리는 NVL36과 NVL72 모두 올해 말까지 시장에 출시될 예정이며 장기적으로 볼 때 전력과 비용 효율성을 감안하면 고객이 NVL72를 선호할 것이라고 언급했다""며 ""이는 엔비디아의 전략적인 대응이라는 점을 부각시켜 한떄 낙폭을 일부 축소하기도 했다""고 설명했다.",0.0,0,부정,"['삼성전자', ',', ""'6만전자'"", '붕괴…또', '52주', '신', '저가']"
2024-10-02 09:17:10,"삼성전자, 1년 9개월만의 ‘5만전자’",https://n.news.naver.com/mnews/article/081/0003484144?sid=101,"‘반도체 정점론’에 중동 리스크글로벌 기술주 투매 여파‘반도체 정점론’에 목표주가 줄하향코스피가 전 거래일(2631.68)보다 21.03포인트(0.80%) 오른 2652.71에 개장한 2일 오전 서울 중구 하나은행 딜링룸에서 딜러들이 업무를 보고 있다. 코스닥 지수는 전 거래일(767.35)보다 2.52포인트(0.33%) 상승한 769.87에 거래를 시작했다. 원·달러 환율은 전 장(1330.4원)보다 5.4원 내린 1325.0원에 출발했다. 2024.10.02. 뉴시스삼성전자 주가가 장중 5만원대까지 내려앉았다. 삼성전자가 ‘5만전자’로 돌아간 건 지난해 1월 이후 1년 9개월여만이다.2일 유가증권시장에서 삼성전자는 전 거래일 대비 1.63% 하락한 6만 500원에 거래를 시작해 장 초반 5만 9900원까지 밀렸다. 9시 10분 현재 6만 500원에서 거래 중이다.삼성전자 주가가 장중 5만원대까지 밀린 건 지난해 1월 18일(5만 9900원) 이후 1년 9개월여만이다.이른바 ‘반도체 정점론’에 대한 갑론을박이 끊이지 않는 가운데, 글로벌 증시에서 반도체를 비롯한 기술주에 대한 투매 흐름이 이어지고 있다. 앞서 1일(현지시간) 미 뉴욕증시에서 엔비디아는 3.66%, 마이크로소프트는 2.23%, 애플은 2.91% 하락하는 등 대형 기술주가 일제히 하락했다.특히 이스라엘이 레바논에 지상전을 개시하고 이란이 이스라엘을 향한 대규모 탄도 미사일 공격으로 응수하면서 전면전으로 확전할 수 있다는 공포심이 글로벌 증시를 뒤흔들고 있다.증권가도 IT 수요 둔화를 이유로 삼성전자의 목표주가를 하향하며 주가 약세에 힘을 싣고 있다. 신한투자증권은 이날 보고서를 통해 “예상을 하회하는 스마트폰 수요, 구형(레거시) 메모리 수요 둔화, 전 분기 대비 비메모리 적자 폭 확대, 경쟁사 대비 늦은 고대역폭메모리(HBM) 시장 진입까지 반도체 부문 우려가 가중되고 있다”면서 삼성전자의 목표주가를 11만원에서 9만 5000원으로 낮췄다.10월 첫 거래일인 이날 코스피는 삼성전자와 SK하이닉스가 각각 1%대 하락하며 전 거래일 대비 26.72포인트(1.03%) 내린 2566.55로 출발했다.코스닥 지수는 6.58포인트(0.86%) 내린 757.30에 거래를 시작했다.",0.0,0,부정,"['삼성전자', ',', '1년', '9개월', '만의', '‘5만전자’']"
2024-10-02 09:06:13,"""삼성전자, 해외서 수천명 해고"" 외신 보도에 삼성전자 ""일상적 인력 조정""",https://n.news.naver.com/mnews/article/011/0004398391?sid=101,"블룸버그 통신 여러 소식통 인용 보도삼성전자 ""구체적 목표치 설정 안해""서울 서초동 삼성전자 사옥 전경. 연합뉴스[서울경제]삼성전자가 글로벌 인력 감축 계획의 일환으로 동남아시아·호주·뉴질랜드에서 수천명을 해고할 계획이라는 외신 보도가 나왔다.1일(현지시간) 블룸버그 통신 보도에 따르면 해당 사안에 정통한 한 관계자는 싱가포르의 삼성전자 여러 부서 직원들이 이날 인사 담당자, 관리자들과 비공개 회의에서 감원 계획과 관련한 세부 내용을 통보 받았다고 전했다. 다른 관계자는 다른 지역 해외 법인에서도 감원이 계획됐다고 설명했다.이에 대해 삼성전자 측은 ""일부 해외 법인에서 운영 효율성을 개선하고자 일상적인 인력 조정을 실시하고 있다""면서 ""회사 차원에서 특정 직책에 대해 구체적인 목표치를 설정하지 않았다""고 답했다.블룸버그는 삼성전자가 최근 인도와 남미 일부 지역에서는 이미 인력의 약 10%를 감원했다고 소식통을 인용해 전했다. 이어 삼성전자의 전체 해외 인력 14만 7000여명의 10% 미만에 해당하는 수준의 인력 감축 가능성이 있다고 덧붙였다.",0.0,0,부정,"['""', '삼성전자', ',', '해외', '서', '수천명', '하', '어', '고', '""', '외', '이', '시ㄴ', '보도', '에', '삼성전자', '""', '일상적', '인력', '조정', '""']"
2024-10-02 08:00:10,"유미영 삼성전자 부사장 ""AI 가전은 삶의 동반자…혁신 지속""",https://n.news.naver.com/mnews/article/001/0014959478?sid=101,"뉴스룸 기고문…""AI·SW 고도화로 사용자 접근성 향상""유미영 삼성전자 생활가전(DA)사업부 S/W개발팀장(부사장)[삼성전자 제공. 재판매 및 DB 금지](서울=연합뉴스) 강태우 기자 = 삼성전자가 인공지능(AI)과 고도화된 소프트웨어(SW)를 접목한 생활가전 혁신에 나선다. 이를 통해 누구나 쉽게 삼성 가전을 사용할 수 있도록 한다는 전략이다.유미영 삼성전자 생활가전(DA)사업부 S/W개발팀장(부사장)은 2일 자사 뉴스룸 기고문을 통해 ""삼성 가전은 AI, 소프트웨어와 만나 모두의 일상을 변화시키고 있다""며 ""향후 스마트폰의 접근성 동기화와 보이스 ID 등 가전제품의 소프트웨어를 고도화할 계획""이라고 밝혔다.내년 적용 예정인 보이스 ID는 지난달 열린 유럽 최대 가전 전시회 'IFA 2024'에서 삼성전자가 처음 공개한 기능으로, 가전제품이 가족 구성원의 목소리를 구분·인식해 일정이나 관심사, 건강 상태 등 개인의 특성에 맞춰 기능을 제안하는 서비스다.삼성전자는 이달부터 스마트폰 접근성 설정을 가전제품 초기 설정에 동일하게 적용할 수 있는 접근성 동기화도 지원할 예정이다.유 부사장은 ""삼성 AI 기술은 스마트싱스에 연결된 가전제품의 고장을 예측·진단하고, 스마트폰으로 해결 방법까지 안내해 주는 해결사로 진화해 나갈 것""이라며 ""원격 진단으로 소프트웨어 오류, 제품 설정 등 문제를 더욱 신속하게 해결하고, 제품 전체 라이프 사이클 관리를 통해 제품의 품질과 수명 증가까지 도움을 줄 것""이라고 말했다.IFA 2024에서 만나는 삼성 비스포크 AI 패밀리허브 냉장고(서울=연합뉴스) 삼성전자가 6일부터 10일까지 독일 베를린에서 열리는 유럽 최대 가전 전시회 'IFA 2024'에 '모두를 위한 AI(AI for All)'를 주제로 참가했다.사진은 삼성전자 부스를 찾은 관람객이 비스포크 AI 패밀리허브 냉장고를 살펴보는 모습. 2024.9.7 [삼성전자 제공. 재판매 및 DB 금지] photo@yna.co.kr유 부사장은 ""삼성 가전은 AI를 만나 점차 우리 일상의 동반자로서 역할을 확대해 나가고 있다""고 말했다.선반에 넣고 빼는 식재료를 내부 카메라가 자동 인식해 푸드 리스트를 만들고, 보관재료의 유통기한 알림을 주는 비스포크 AI 패밀리허브의 'AI 비전 인사이드'와 세탁물에 맞게 최적의 코스로 작동하는 올인원 세탁건조기 비스포크 AI 콤보의 'AI 맞춤 코스'가 대표적이다.삼성전자 스마트싱스가 가전과 다양한 기기를 연결, 사용자 라이프스타일에 맞춘 통합 연결 경험도 제공한다.이 밖에 소프트웨어 정기 업데이트 서비스 '스마트 포워드', AI 음성비서 '빅스비' 등도 소비자의 삼성 AI 가전 사용방식을 탈바꿈시키고 있다고 유 부사장은 설명했다.보안도 강화하고 있다.유 부사장은 ""제품이 서로 연결된 환경에서 보안 소프트웨어의 중요성은 아무리 강조해도 지나치지 않다""며 ""삼성전자는 사용자가 안심하고 첨단 AI 가전을 사용할 수 있도록 '삼성 녹스'를 통해 기기들의 데이터를 보호하고 있다""고 강조했다.삼성전자는 오는 3일 미국 새너제이에서 '삼성 개발자 콘퍼런스 2024'(SDC24)를 열고 첨단 소프트웨어와 어우러진 삼성의 기기와 이러한 융합이 이끌어나갈 미래 삶의 모습을 공개할 예정이다.burning@yna.co.kr",0.0,0,부정,"['유미영', '삼성전자', '부사장', '""', 'AI', '가전', '은', '삶', '의', '동반자…혁신', '지속', '""']"
2024-10-02 07:46:44,삼성전자 AI에서 어려움 겪자 해외 직원 수천 명 감원(상보),https://n.news.naver.com/mnews/article/421/0007819362?sid=104,"국내 감원은 고려하지 않아해당 기사 - 블룸버그 갈무리(서울=뉴스1) 박형기 기자 = 세계적 메모리 반도체 업체 한국의 삼성전자가 인공지능(AI) 부문에서 어려움을 겪자 해외에서 수천 명을 감원하고 있다고 블룸버그통신이 1일(현지시간) 보도했다.블룸버그는 소식통을 인용, 최근 삼성전자가 동남아시아, 호주, 뉴질랜드 등에서 수천 명을 감원하고 있다고 전했다.삼성전자는 해외 인력의 10% 정도를 감원할 계획인 것으로 알려졌다.삼성전자는 해외에서 14만 7000명을 고용하는 등 전체 임직원이 26만 7800명이다. 해외 인력이 국내보다 더 많은 것이다.국내 해고는 고려하지 않고 있다고 블룸버그는 전했다.삼성전자 대변인은 ""일부 해외법인은 운영 효율성 제고를 위해 정기적인 인력 조정을 진행하고 있다""고 밝혔다.삼성전자가 AI 부문에서 고전하면서 삼성전자의 주가는 올 들어 20% 이상 하락했다.삼전은 AI에 사용되는 메모리 칩 부분에서 국내 라이벌인 SK하이닉스보다 뒤처져 있으며, 파운드리(위탁생산) 부분에서는 대만의 TSMC에 밀리고 있다.이에 따라 해외 직원의 감원을 추진하는 것으로 보인다고 블룸버그는 분석했다.",0.0,0,부정,"['삼성전자', 'AI', '에서', '어려움', '겪', '자', '해외', '직원', '수천', '명', '감원', '(', '상보', ')']"
2024-10-01 21:14:28,삼성전자 인도법인 직원 600여명 '불법 시위' 구금돼,https://n.news.naver.com/mnews/article/001/0014959281?sid=104,"파업중인 삼성전자 인도법인 가전공장 노동자들삼성전자 인도법원 가전공장 노동자들이 2024년 9월 11일(현지시간) 파업 도중 노조 대표와 이야기를 나누고 있다. [로이터 연합뉴스 자료사진. 재판매 및 DB 금지](뉴델리=연합뉴스) 유창엽 특파원 = 인도 남부 타밀나두 주도 첸나이 인근의 삼성전자 인도법인 가전공장의 직원 약 600명이 불법 시위를 벌인 혐의로 1일(현지시간) 경찰에 구금됐다.현지 일간 힌두스탄타임스 등에 따르면 경찰 관계자는 ""이들이 허가받지 않은 시위를 벌여 일반인에게 불편을 끼쳤다""며 ""이들은 현재 웨딩홀 4곳에 분산됐다""고 말했다.이 공장 직원 1천여명은 지난달 9일부터 출근하지 않은 채 공장 인근 천막에 머물며 노조 인정과 임금인상, 노동조건 개선을 요구하며 파업을 벌이고 있다.지난달 16일에는 이들 중 100여명이 타밀나두주 칸치푸람 지역에서 파업 관련 문건을 관계자에게 전달하려 행진하다가 경찰에 의해 하루 동안 구금되기도 했다.이번 파업과 관련해 사측이 노동자, 주정부 측과 협상하기도 했지만 아직 성과도 내지 못했다고 신화통신은 전했다.삼성전자에 따르면 냉장고와 세탁기 등을 생산하는 이 공장은 연간 120억달러(약 16조원)에 달하는 삼성전자 인도 매출의 19%를 담당한다.yct9423@yna.co.kr",0.0,0,부정,"['삼성전자', '인도법', '이', 'ㄴ', '직원', '600', '여', '명', ""'"", '불법', '시위', ""'"", '구금', '되', '어']"
2024-10-01 10:01:24,"삼성전자, 오르세 미술관과 파트너십…TV로 명작 만난다",https://n.news.naver.com/mnews/article/003/0012813460?sid=101,"[서울=뉴시스]삼성전자 라이프스타일 TV '더 프레임'을 통해 오르세 미술관의 작품을 선보인다. '더 프레임'을 통해 만날 수 있는 빈센트 반 고흐(Vincent Van Gogh)의 '별이 빛나는 밤(Starry Night)' (사진=삼성전자) 2024.10.01 photo@newsis.com *재판매 및 DB 금지[서울=뉴시스]이다솜 기자 = 삼성전자 라이프스타일 TV '더 프레임'을 통해 프랑스 오르세 미술관이 소장한 25점의 명작을 감상할 수 있다.삼성전자는 오르세 미술관과 파트너십을 맺고 ▲빈센트 반 고흐의 '별이 빛나는 밤' ▲클로드 모네의 '양귀비 들판' 등 엄선된 인상파 컬렉션을 25점의 명작을 삼성 아트 스토어에 선보인다고 1일 밝혔다.더 프레임은 2017년 출시한 라이프스타일 TV로, 화면에 미술 작품이나 사진을 띄워 액자처럼 활용할 수 있는 것이 특징이다.삼성 아트 스토어는 더 프레임의 예술 작품 구독 서비스로, 메트로폴리탄 미술관, 반 고흐 미술관 등 세계적인 미술관과 갤러리뿐 아니라 살바도르 달리와 장 미셸 바스키아 등 미술 거장의 작품 2500점을 4K 화질로 제공한다．더 프레임은 빛 반사가 적은 '매트 디스플레이(Matte Display)'를 탑재해 한낮이나 밝은 조명 아래서도 선명한 화질로 작품을 감상할 수 있다",0.0,0,부정,"['삼성전자', ',', '오르', '세', '미술관', '과', '파트너십…TV', '로', '명작', '만나', 'ㄴ다']"
